timestamp,avg_ear,blink_detected,blink_rate,baseline_ear,baseline_blink_rate,ear_deviation,blink_rate_deviation
1767034827.350217,0.3234,0,27.0,0.2564,27.0,0.067,0.0
1767034827.4250977,0.3234,0,27.0,0.2564,27.0,0.067,0.0
1767034827.508222,0.3123,0,27.0,0.2564,27.0,0.0559,0.0
1767034827.5624495,0.1786,0,27.0,0.2564,27.0,-0.0778,0.0
1767034827.637817,0.1963,0,27.0,0.2564,27.0,-0.0601,0.0
1767034827.7110574,0.1963,0,27.0,0.2564,27.0,-0.0601,0.0
1767034827.7735066,0.2632,1,28.0,0.2564,27.0,0.0068,1.0
1767034827.8601215,0.2632,0,28.0,0.2564,27.0,0.0068,1.0
1767034827.9398823,0.298,0,28.0,0.2564,27.0,0.0416,1.0
1767034828.0189693,0.2752,0,28.0,0.2564,27.0,0.0188,1.0
1767034828.1259234,0.2239,0,28.0,0.2564,27.0,-0.0325,1.0
1767034828.225275,0.2236,0,28.0,0.2564,27.0,-0.0328,1.0
1767034828.306633,0.1993,0,28.0,0.2564,27.0,-0.0571,1.0
1767034828.3814542,0.1833,0,28.0,0.2564,27.0,-0.0731,1.0
1767034828.4758434,0.1833,0,28.0,0.2564,27.0,-0.0731,1.0
1767034828.5654128,0.1314,0,28.0,0.2564,27.0,-0.125,1.0
1767034828.6578588,0.2153,1,29.0,0.2564,27.0,-0.0411,2.0
1767034828.7464192,0.2446,0,29.0,0.2564,27.0,-0.0118,2.0
1767034828.7864466,0.2605,0,29.0,0.2564,27.0,0.0041,2.0
1767034828.8334417,0.2485,0,29.0,0.2564,27.0,-0.0079,2.0
1767034828.877945,0.2485,0,29.0,0.2564,27.0,-0.0079,2.0
1767034828.9355688,0.2485,0,29.0,0.2564,27.0,-0.0079,2.0
1767034829.0252328,0.2623,0,29.0,0.2564,27.0,0.0059,2.0
1767034829.0902772,0.2514,0,29.0,0.2564,27.0,-0.005,2.0
1767034829.165099,0.2514,0,29.0,0.2564,27.0,-0.005,2.0
1767034829.263526,0.2613,0,29.0,0.2564,27.0,0.0049,2.0
1767034829.3446088,0.2434,0,29.0,0.2564,27.0,-0.013,2.0
1767034829.4268396,0.2363,0,29.0,0.2564,27.0,-0.0201,2.0
1767034829.4784875,0.2411,0,29.0,0.2564,27.0,-0.0153,2.0
1767034829.4971857,0.2411,0,29.0,0.2564,27.0,-0.0153,2.0
1767034829.5099726,0.2319,0,29.0,0.2564,27.0,-0.0245,2.0
1767034829.6243055,0.2383,0,29.0,0.2564,27.0,-0.0181,2.0
1767034829.641396,0.2383,0,29.0,0.2564,27.0,-0.0181,2.0
1767034829.6586776,0.2383,0,29.0,0.2564,27.0,-0.0181,2.0
1767034829.7208545,0.2612,0,29.0,0.2564,27.0,0.0048,2.0
1767034829.738926,0.2612,0,29.0,0.2564,27.0,0.0048,2.0
1767034829.7571495,0.2612,0,29.0,0.2564,27.0,0.0048,2.0
1767034829.8177342,0.2732,0,29.0,0.2564,27.0,0.0168,2.0
1767034829.8471465,0.2732,0,29.0,0.2564,27.0,0.0168,2.0
1767034829.8652442,0.2732,0,29.0,0.2564,27.0,0.0168,2.0
1767034829.9338186,0.2551,0,29.0,0.2564,27.0,-0.0013,2.0
1767034829.9500933,0.2551,0,29.0,0.2564,27.0,-0.0013,2.0
1767034829.9674246,0.2551,0,29.0,0.2564,27.0,-0.0013,2.0
1767034830.0415018,0.1939,0,29.0,0.2564,27.0,-0.0625,2.0
1767034830.0672648,0.1939,0,29.0,0.2564,27.0,-0.0625,2.0
1767034830.0847647,0.1939,0,29.0,0.2564,27.0,-0.0625,2.0
1767034830.1206067,0.2831,1,30.0,0.2564,27.0,0.0267,3.0
1767034830.136654,0.2831,0,30.0,0.2564,27.0,0.0267,3.0
1767034830.1509094,0.2831,0,30.0,0.2564,27.0,0.0267,3.0
1767034830.2337644,0.2702,0,30.0,0.2564,27.0,0.0138,3.0
1767034830.2504,0.2702,0,30.0,0.2564,27.0,0.0138,3.0
1767034830.2689483,0.2702,0,30.0,0.2564,27.0,0.0138,3.0
1767034830.3287053,0.2772,0,30.0,0.2564,27.0,0.0208,3.0
1767034830.347592,0.2772,0,30.0,0.2564,27.0,0.0208,3.0
1767034830.3631926,0.2772,0,30.0,0.2564,27.0,0.0208,3.0
1767034830.3795776,0.2772,0,30.0,0.2564,27.0,0.0208,3.0
1767034830.4222581,0.2839,0,30.0,0.2564,27.0,0.0275,3.0
1767034830.4392204,0.2839,0,30.0,0.2564,27.0,0.0275,3.0
1767034830.5164387,0.2977,0,30.0,0.2564,27.0,0.0413,3.0
1767034830.5318267,0.2977,0,30.0,0.2564,27.0,0.0413,3.0
1767034830.5493817,0.2977,0,30.0,0.2564,27.0,0.0413,3.0
1767034830.644502,0.2801,0,30.0,0.2564,27.0,0.0237,3.0
1767034830.6613655,0.2801,0,30.0,0.2564,27.0,0.0237,3.0
1767034830.6783173,0.2801,0,30.0,0.2564,27.0,0.0237,3.0
1767034830.7259848,0.2758,0,30.0,0.2564,27.0,0.0194,3.0
1767034830.744065,0.2758,0,30.0,0.2564,27.0,0.0194,3.0
1767034830.760351,0.2758,0,30.0,0.2564,27.0,0.0194,3.0
1767034830.778588,0.2758,0,30.0,0.2564,27.0,0.0194,3.0
1767034830.8272588,0.2935,0,30.0,0.2564,27.0,0.0371,3.0
1767034830.8475492,0.2935,0,30.0,0.2564,27.0,0.0371,3.0
1767034830.9373183,0.2847,0,30.0,0.2564,27.0,0.0283,3.0
1767034830.952243,0.2847,0,30.0,0.2564,27.0,0.0283,3.0
1767034830.9702587,0.2847,0,30.0,0.2564,27.0,0.0283,3.0
1767034831.0405536,0.3133,0,30.0,0.2564,27.0,0.0569,3.0
1767034831.0543637,0.3133,0,30.0,0.2564,27.0,0.0569,3.0
1767034831.0700207,0.3133,0,30.0,0.2564,27.0,0.0569,3.0
1767034831.0872188,0.3133,0,30.0,0.2564,27.0,0.0569,3.0
1767034831.128096,0.2749,0,30.0,0.2564,27.0,0.0185,3.0
1767034831.1444793,0.2749,0,30.0,0.2564,27.0,0.0185,3.0
1767034831.1613941,0.2749,0,30.0,0.2564,27.0,0.0185,3.0
1767034831.2384756,0.2172,0,30.0,0.2564,27.0,-0.0392,3.0
1767034831.2558413,0.2172,0,30.0,0.2564,27.0,-0.0392,3.0
1767034831.350204,0.2913,0,30.0,0.2564,27.0,0.0349,3.0
1767034831.3833842,0.2913,0,30.0,0.2564,27.0,0.0349,3.0
1767034831.3981352,0.2913,0,30.0,0.2564,27.0,0.0349,3.0
1767034831.415467,0.2913,0,30.0,0.2564,27.0,0.0349,3.0
1767034831.429924,0.2791,0,30.0,0.2564,27.0,0.0227,3.0
1767034831.447821,0.2791,0,30.0,0.2564,27.0,0.0227,3.0
1767034831.4661975,0.2791,0,30.0,0.2564,27.0,0.0227,3.0
1767034831.5385697,0.2802,0,30.0,0.2564,27.0,0.0238,3.0
1767034831.557578,0.2802,0,30.0,0.2564,27.0,0.0238,3.0
1767034831.5762453,0.2802,0,30.0,0.2564,27.0,0.0238,3.0
1767034831.6423483,0.2771,0,30.0,0.2564,27.0,0.0207,3.0
1767034831.6584327,0.2771,0,30.0,0.2564,27.0,0.0207,3.0
1767034831.677173,0.2771,0,30.0,0.2564,27.0,0.0207,3.0
1767034831.7358968,0.2738,0,30.0,0.2564,27.0,0.0174,3.0
1767034831.752777,0.2738,0,30.0,0.2564,27.0,0.0174,3.0
1767034831.7698753,0.2738,0,30.0,0.2564,27.0,0.0174,3.0
1767034831.8488092,0.2621,0,30.0,0.2564,27.0,0.0057,3.0
1767034831.8655493,0.2621,0,30.0,0.2564,27.0,0.0057,3.0
1767034831.879237,0.2621,0,30.0,0.2564,27.0,0.0057,3.0
1767034831.9433885,0.2924,0,30.0,0.2564,27.0,0.036,3.0
1767034831.9624102,0.2924,0,30.0,0.2564,27.0,0.036,3.0
1767034831.975545,0.2924,0,30.0,0.2564,27.0,0.036,3.0
1767034832.044689,0.2955,0,30.0,0.2564,27.0,0.0391,3.0
1767034832.0611317,0.2955,0,30.0,0.2564,27.0,0.0391,3.0
1767034832.0748532,0.2955,0,30.0,0.2564,27.0,0.0391,3.0
1767034832.149537,0.2979,0,30.0,0.2564,27.0,0.0415,3.0
1767034832.169302,0.2979,0,30.0,0.2564,27.0,0.0415,3.0
1767034832.1899607,0.2979,0,30.0,0.2564,27.0,0.0415,3.0
1767034832.2510612,0.3,0,30.0,0.2564,27.0,0.0436,3.0
1767034832.2629867,0.3,0,30.0,0.2564,27.0,0.0436,3.0
1767034832.2801392,0.3,0,30.0,0.2564,27.0,0.0436,3.0
1767034832.3407402,0.2967,0,30.0,0.2564,27.0,0.0403,3.0
1767034832.3574965,0.2967,0,30.0,0.2564,27.0,0.0403,3.0
1767034832.3754516,0.2967,0,30.0,0.2564,27.0,0.0403,3.0
1767034832.4364712,0.2689,0,30.0,0.2564,27.0,0.0125,3.0
1767034832.4507875,0.2689,0,30.0,0.2564,27.0,0.0125,3.0
1767034832.4683495,0.2689,0,30.0,0.2564,27.0,0.0125,3.0
1767034832.5515497,0.1519,0,30.0,0.2564,27.0,-0.1045,3.0
1767034832.5690343,0.1519,0,30.0,0.2564,27.0,-0.1045,3.0
1767034832.5871305,0.1519,0,30.0,0.2564,27.0,-0.1045,3.0
1767034832.6463897,0.2118,1,31.0,0.2564,27.0,-0.0446,4.0
1767036988.5597844,0.2526,0,40.0,0.2025,40.0,0.0501,0.0
1767036988.577066,0.2526,0,40.0,0.2025,40.0,0.0501,0.0
1767036988.592034,0.2526,0,40.0,0.2025,40.0,0.0501,0.0
1767036988.6617522,0.2588,0,40.0,0.2025,40.0,0.0563,0.0
1767036988.6773965,0.2588,0,40.0,0.2025,40.0,0.0563,0.0
1767036988.6964834,0.2588,0,40.0,0.2025,40.0,0.0563,0.0
1767036988.712781,0.2588,0,40.0,0.2025,40.0,0.0563,0.0
1767036988.754939,0.2591,0,40.0,0.2025,40.0,0.0566,0.0
1767036988.769983,0.2591,0,40.0,0.2025,40.0,0.0566,0.0
1767036988.8686535,0.2678,0,40.0,0.2025,40.0,0.0653,0.0
1767036988.8832989,0.2678,0,40.0,0.2025,40.0,0.0653,0.0
1767036988.900149,0.2678,0,40.0,0.2025,40.0,0.0653,0.0
1767036988.977591,0.2628,0,40.0,0.2025,40.0,0.0603,0.0
1767036988.9909818,0.2628,0,40.0,0.2025,40.0,0.0603,0.0
1767036989.0091488,0.2628,0,40.0,0.2025,40.0,0.0603,0.0
1767036989.028373,0.2628,0,40.0,0.2025,40.0,0.0603,0.0
1767036989.0581982,0.2589,0,40.0,0.2025,40.0,0.0564,0.0
1767036989.0765128,0.2589,0,40.0,0.2025,40.0,0.0564,0.0
1767036989.092517,0.2589,0,40.0,0.2025,40.0,0.0564,0.0
1767036989.1708288,0.2628,0,40.0,0.2025,40.0,0.0603,0.0
1767036989.1874268,0.2628,0,40.0,0.2025,40.0,0.0603,0.0
1767036989.2731817,0.26,0,40.0,0.2025,40.0,0.0575,0.0
1767036989.287068,0.26,0,40.0,0.2025,40.0,0.0575,0.0
1767036989.3052077,0.26,0,40.0,0.2025,40.0,0.0575,0.0
1767036989.3209252,0.26,0,40.0,0.2025,40.0,0.0575,0.0
1767036989.358946,0.2824,0,40.0,0.2025,40.0,0.0799,0.0
1767036989.3782344,0.2824,0,40.0,0.2025,40.0,0.0799,0.0
1767036989.396971,0.2824,0,40.0,0.2025,40.0,0.0799,0.0
1767036989.472056,0.2702,0,40.0,0.2025,40.0,0.0677,0.0
1767036989.4877372,0.2702,0,40.0,0.2025,40.0,0.0677,0.0
1767036989.505,0.2702,0,40.0,0.2025,40.0,0.0677,0.0
1767036989.579825,0.2671,0,40.0,0.2025,40.0,0.0646,0.0
1767036989.6101394,0.2671,0,40.0,0.2025,40.0,0.0646,0.0
1767036989.625967,0.2671,0,40.0,0.2025,40.0,0.0646,0.0
1767036989.6736069,0.2508,0,40.0,0.2025,40.0,0.0483,0.0
1767036989.6926904,0.2508,0,40.0,0.2025,40.0,0.0483,0.0
1767036989.709615,0.2508,0,40.0,0.2025,40.0,0.0483,0.0
1767036989.779236,0.269,0,40.0,0.2025,40.0,0.0665,0.0
1767036989.794365,0.269,0,40.0,0.2025,40.0,0.0665,0.0
1767036989.8120165,0.269,0,40.0,0.2025,40.0,0.0665,0.0
1767036989.8769696,0.2504,0,40.0,0.2025,40.0,0.0479,0.0
1767036989.8939378,0.2504,0,40.0,0.2025,40.0,0.0479,0.0
1767036989.9107249,0.2504,0,40.0,0.2025,40.0,0.0479,0.0
1767036989.967945,0.2262,0,40.0,0.2025,40.0,0.0237,0.0
1767036989.9855986,0.2262,0,40.0,0.2025,40.0,0.0237,0.0
1767036990.0054274,0.2262,0,40.0,0.2025,40.0,0.0237,0.0
1767036990.0666776,0.2207,0,40.0,0.2025,40.0,0.0182,0.0
1767036990.084422,0.2207,0,40.0,0.2025,40.0,0.0182,0.0
1767036990.1012833,0.2207,0,40.0,0.2025,40.0,0.0182,0.0
1767036990.1804323,0.2199,0,40.0,0.2025,40.0,0.0174,0.0
1767036990.197888,0.2199,0,40.0,0.2025,40.0,0.0174,0.0
1767036990.2184522,0.2199,0,40.0,0.2025,40.0,0.0174,0.0
1767036990.2731733,0.2438,0,40.0,0.2025,40.0,0.0413,0.0
1767036990.289618,0.2438,0,40.0,0.2025,40.0,0.0413,0.0
1767036990.3058152,0.2438,0,40.0,0.2025,40.0,0.0413,0.0
1767036990.3829172,0.2737,0,40.0,0.2025,40.0,0.0712,0.0
1767036990.4003055,0.2737,0,40.0,0.2025,40.0,0.0712,0.0
1767036990.4177861,0.2737,0,40.0,0.2025,40.0,0.0712,0.0
1767036990.8878007,0.2719,0,40.0,0.2025,40.0,0.0694,0.0
1767036990.916524,0.2719,0,40.0,0.2025,40.0,0.0694,0.0
1767036990.9318695,0.2719,0,40.0,0.2025,40.0,0.0694,0.0
1767036991.392399,0.2335,0,40.0,0.2025,40.0,0.031,0.0
1767036991.4092658,0.2335,0,40.0,0.2025,40.0,0.031,0.0
1767036991.427398,0.2335,0,40.0,0.2025,40.0,0.031,0.0
1767036991.4926245,0.3144,0,40.0,0.2025,40.0,0.1119,0.0
1767036991.510785,0.3144,0,40.0,0.2025,40.0,0.1119,0.0
1767036991.5261397,0.3144,0,40.0,0.2025,40.0,0.1119,0.0
1767036991.5396302,0.3144,0,40.0,0.2025,40.0,0.1119,0.0
1767036991.5805967,0.29,0,40.0,0.2025,40.0,0.0875,0.0
1767036991.5942922,0.29,0,40.0,0.2025,40.0,0.0875,0.0
1767036991.6945431,0.2672,0,40.0,0.2025,40.0,0.0647,0.0
1767036991.7100034,0.2672,0,40.0,0.2025,40.0,0.0647,0.0
1767036991.7245302,0.2672,0,40.0,0.2025,40.0,0.0647,0.0
1767036991.7966254,0.2394,0,40.0,0.2025,40.0,0.0369,0.0
1767036991.8164444,0.2394,0,40.0,0.2025,40.0,0.0369,0.0
1767036991.8356955,0.2394,0,40.0,0.2025,40.0,0.0369,0.0
1767036991.848598,0.2394,0,40.0,0.2025,40.0,0.0369,0.0
1767036991.886592,0.3037,0,40.0,0.2025,40.0,0.1012,0.0
1767036991.9040492,0.3037,0,40.0,0.2025,40.0,0.1012,0.0
1767036991.9185698,0.3037,0,40.0,0.2025,40.0,0.1012,0.0
1767036991.9838996,0.3093,0,40.0,0.2025,40.0,0.1068,0.0
1767036992.0017354,0.3093,0,40.0,0.2025,40.0,0.1068,0.0
1767036992.097623,0.2982,0,39.0,0.2025,40.0,0.0957,-1.0
1767036992.1108277,0.2982,0,39.0,0.2025,40.0,0.0957,-1.0
1767036992.1265025,0.2982,0,39.0,0.2025,40.0,0.0957,-1.0
1767036992.1918108,0.3076,0,39.0,0.2025,40.0,0.1051,-1.0
1767036992.2090516,0.3076,0,39.0,0.2025,40.0,0.1051,-1.0
1767036992.224784,0.3076,0,39.0,0.2025,40.0,0.1051,-1.0
1767036992.2453947,0.3076,0,39.0,0.2025,40.0,0.1051,-1.0
1767036992.2933886,0.3439,0,39.0,0.2025,40.0,0.1414,-1.0
1767036992.3076632,0.3439,0,39.0,0.2025,40.0,0.1414,-1.0
1767036992.3287325,0.3439,0,39.0,0.2025,40.0,0.1414,-1.0
1767036992.4001262,0.3298,0,39.0,0.2025,40.0,0.1273,-1.0
1767036992.4206061,0.3298,0,39.0,0.2025,40.0,0.1273,-1.0
1767036992.502557,0.3103,0,39.0,0.2025,40.0,0.1078,-1.0
1767036992.5206163,0.3103,0,39.0,0.2025,40.0,0.1078,-1.0
1767036992.5384095,0.3103,0,39.0,0.2025,40.0,0.1078,-1.0
1767036992.5589917,0.3103,0,39.0,0.2025,40.0,0.1078,-1.0
1767036992.5901194,0.3085,0,39.0,0.2025,40.0,0.106,-1.0
1767036992.603174,0.3085,0,39.0,0.2025,40.0,0.106,-1.0
1767036992.6154425,0.3085,0,39.0,0.2025,40.0,0.106,-1.0
1767036992.7053967,0.3215,0,39.0,0.2025,40.0,0.119,-1.0
1767036992.7240646,0.3215,0,39.0,0.2025,40.0,0.119,-1.0
1767036992.7406642,0.3215,0,39.0,0.2025,40.0,0.119,-1.0
1767036992.803033,0.3032,0,39.0,0.2025,40.0,0.1007,-1.0
1767036992.8218396,0.3032,0,39.0,0.2025,40.0,0.1007,-1.0
1767036992.8353548,0.3032,0,39.0,0.2025,40.0,0.1007,-1.0
1767036992.9009168,0.2925,0,39.0,0.2025,40.0,0.09,-1.0
1767036992.915058,0.2925,0,39.0,0.2025,40.0,0.09,-1.0
1767036992.9325051,0.2925,0,39.0,0.2025,40.0,0.09,-1.0
1767036993.0098014,0.3267,0,38.0,0.2025,40.0,0.1242,-2.0
1767036993.0238268,0.3267,0,38.0,0.2025,40.0,0.1242,-2.0
1767036993.0422516,0.3267,0,38.0,0.2025,40.0,0.1242,-2.0
1767036993.1061316,0.316,0,38.0,0.2025,40.0,0.1135,-2.0
1767036993.1231637,0.316,0,38.0,0.2025,40.0,0.1135,-2.0
1767036993.1428967,0.316,0,38.0,0.2025,40.0,0.1135,-2.0
1767036993.2053635,0.3067,0,38.0,0.2025,40.0,0.1042,-2.0
1767036993.2232752,0.3067,0,38.0,0.2025,40.0,0.1042,-2.0
1767036993.2396154,0.3067,0,38.0,0.2025,40.0,0.1042,-2.0
1767036993.3130395,0.3276,0,38.0,0.2025,40.0,0.1251,-2.0
1767036993.3306615,0.3276,0,38.0,0.2025,40.0,0.1251,-2.0
1767036993.3489108,0.3276,0,38.0,0.2025,40.0,0.1251,-2.0
1767036993.4097505,0.3148,0,38.0,0.2025,40.0,0.1123,-2.0
1767036993.4233685,0.3148,0,38.0,0.2025,40.0,0.1123,-2.0
1767036993.440492,0.3148,0,38.0,0.2025,40.0,0.1123,-2.0
1767036993.5055723,0.2907,0,37.0,0.2025,40.0,0.0882,-3.0
1767115266.7775433,0.1937,0,38.0,0.2334,38.0,-0.0397,0.0
1767115266.816193,0.1765,0,38.0,0.2334,38.0,-0.0569,0.0
1767115266.8509078,0.2095,0,38.0,0.2334,38.0,-0.0239,0.0
1767115266.8806674,0.1751,0,38.0,0.2334,38.0,-0.0583,0.0
1767115266.9127107,0.1908,0,38.0,0.2334,38.0,-0.0426,0.0
1767115266.9433403,0.1926,0,38.0,0.2334,38.0,-0.0408,0.0
1767115266.9805155,0.1866,0,38.0,0.2334,38.0,-0.0468,0.0
1767115267.0056515,0.1852,0,38.0,0.2334,38.0,-0.0482,0.0
1767115267.0402293,0.1781,0,38.0,0.2334,38.0,-0.0553,0.0
1767115267.0733912,0.2102,1,39.0,0.2334,38.0,-0.0232,1.0
1767115267.105043,0.19,0,39.0,0.2334,38.0,-0.0434,1.0
1767115267.1513398,0.1879,0,39.0,0.2334,38.0,-0.0455,1.0
1767115267.1884813,0.2123,0,39.0,0.2334,38.0,-0.0211,1.0
1767115267.2127433,0.2111,0,39.0,0.2334,38.0,-0.0223,1.0
1767115267.2549496,0.1855,0,39.0,0.2334,38.0,-0.0479,1.0
1767115267.28463,0.2126,0,39.0,0.2334,38.0,-0.0208,1.0
1767115267.313467,0.2071,0,39.0,0.2334,38.0,-0.0263,1.0
1767115267.3446934,0.2077,0,39.0,0.2334,38.0,-0.0257,1.0
1767115267.374157,0.2126,0,39.0,0.2334,38.0,-0.0208,1.0
1767115267.4134943,0.2077,0,39.0,0.2334,38.0,-0.0257,1.0
1767115267.4421995,0.1968,0,39.0,0.2334,38.0,-0.0366,1.0
1767115267.4910843,0.2144,0,39.0,0.2334,38.0,-0.019,1.0
1767115267.518406,0.2077,0,39.0,0.2334,38.0,-0.0257,1.0
1767115267.5354524,0.2077,0,39.0,0.2334,38.0,-0.0257,1.0
1767115267.554471,0.2156,0,39.0,0.2334,38.0,-0.0178,1.0
1767115267.62049,0.2106,0,39.0,0.2334,38.0,-0.0228,1.0
1767115267.6503046,0.2184,0,39.0,0.2334,38.0,-0.015,1.0
1767115267.6799505,0.2013,0,39.0,0.2334,38.0,-0.0321,1.0
1767115267.714401,0.2194,0,39.0,0.2334,38.0,-0.014,1.0
1767115267.7495246,0.2119,0,39.0,0.2334,38.0,-0.0215,1.0
1767115267.7751799,0.2253,0,39.0,0.2334,38.0,-0.0081,1.0
1767115267.8258207,0.226,0,39.0,0.2334,38.0,-0.0074,1.0
1767115267.8598819,0.2204,0,39.0,0.2334,38.0,-0.013,1.0
1767115267.8757243,0.2204,0,39.0,0.2334,38.0,-0.013,1.0
1767115267.8883042,0.2528,0,39.0,0.2334,38.0,0.0194,1.0
1767115267.9219625,0.2192,0,39.0,0.2334,38.0,-0.0142,1.0
1767115267.959172,0.2399,0,39.0,0.2334,38.0,0.0065,1.0
1767115267.985608,0.2289,0,39.0,0.2334,38.0,-0.0045,1.0
1767115268.05,0.2613,0,39.0,0.2334,38.0,0.0279,1.0
1767115268.0848727,0.2363,0,39.0,0.2334,38.0,0.0029,1.0
1767115268.1134248,0.2224,0,39.0,0.2334,38.0,-0.011,1.0
1767115268.1641448,0.2158,0,39.0,0.2334,38.0,-0.0176,1.0
1767115268.1996799,0.225,0,39.0,0.2334,38.0,-0.0084,1.0
1767115268.2158024,0.225,0,39.0,0.2334,38.0,-0.0084,1.0
1767115268.2372735,0.2446,0,39.0,0.2334,38.0,0.0112,1.0
1767115268.2565305,0.2337,0,39.0,0.2334,38.0,0.0003,1.0
1767115268.292718,0.217,0,39.0,0.2334,38.0,-0.0164,1.0
1767115268.3212295,0.2253,0,39.0,0.2334,38.0,-0.0081,1.0
1767115268.356757,0.2435,0,39.0,0.2334,38.0,0.0101,1.0
1767115268.3899136,0.2493,0,39.0,0.2334,38.0,0.0159,1.0
1767115268.455386,0.2451,0,39.0,0.2334,38.0,0.0117,1.0
1767115268.4974737,0.2278,0,39.0,0.2334,38.0,-0.0056,1.0
1767115268.5331295,0.2434,0,39.0,0.2334,38.0,0.01,1.0
1767115268.5708032,0.2434,0,39.0,0.2334,38.0,0.01,1.0
1767115268.5884278,0.2283,0,39.0,0.2334,38.0,-0.0051,1.0
1767115268.6053553,0.2174,0,39.0,0.2334,38.0,-0.016,1.0
1767115268.6302888,0.2145,0,39.0,0.2334,38.0,-0.0189,1.0
1767115268.6585348,0.2221,0,39.0,0.2334,38.0,-0.0113,1.0
1767115268.6911771,0.2241,0,39.0,0.2334,38.0,-0.0093,1.0
1767115268.7267957,0.2309,0,39.0,0.2334,38.0,-0.0025,1.0
1767115268.760941,0.2132,0,39.0,0.2334,38.0,-0.0202,1.0
1767115268.80121,0.2464,0,39.0,0.2334,38.0,0.013,1.0
1767115268.872638,0.2253,0,39.0,0.2334,38.0,-0.0081,1.0
1767115268.909476,0.2253,0,39.0,0.2334,38.0,-0.0081,1.0
1767115268.9268947,0.2224,0,39.0,0.2334,38.0,-0.011,1.0
1767115268.9437482,0.2226,0,39.0,0.2334,38.0,-0.0108,1.0
1767115268.9713292,0.2537,0,39.0,0.2334,38.0,0.0203,1.0
1767115268.993431,0.2177,0,39.0,0.2334,38.0,-0.0157,1.0
1767115269.0244982,0.254,0,39.0,0.2334,38.0,0.0206,1.0
1767115269.0566747,0.2296,0,39.0,0.2334,38.0,-0.0038,1.0
1767115269.0944486,0.2177,0,39.0,0.2334,38.0,-0.0157,1.0
1767115269.119382,0.2281,0,39.0,0.2334,38.0,-0.0053,1.0
1767115269.1706233,0.2332,0,39.0,0.2334,38.0,-0.0002,1.0
1767115269.2037444,0.2174,0,39.0,0.2334,38.0,-0.016,1.0
1767115269.2349663,0.2201,0,39.0,0.2334,38.0,-0.0133,1.0
1767115269.2680173,0.2171,0,39.0,0.2334,38.0,-0.0163,1.0
1767115269.3021426,0.222,0,39.0,0.2334,38.0,-0.0114,1.0
1767115269.3276112,0.2371,0,39.0,0.2334,38.0,0.0037,1.0
1767115269.358179,0.2517,0,39.0,0.2334,38.0,0.0183,1.0
1767115269.3927624,0.2508,0,39.0,0.2334,38.0,0.0174,1.0
1767115269.4266942,0.2616,0,39.0,0.2334,38.0,0.0282,1.0
1767115269.457345,0.2524,0,39.0,0.2334,38.0,0.019,1.0
1767115269.504235,0.2524,0,39.0,0.2334,38.0,0.019,1.0
1767115269.5371206,0.2573,0,39.0,0.2334,38.0,0.0239,1.0
1767115269.5689702,0.2583,0,39.0,0.2334,38.0,0.0249,1.0
1767115269.6000047,0.2675,0,39.0,0.2334,38.0,0.0341,1.0
1767115269.6362321,0.2615,0,39.0,0.2334,38.0,0.0281,1.0
1767115269.6649494,0.278,0,39.0,0.2334,38.0,0.0446,1.0
1767115269.7024817,0.2521,0,39.0,0.2334,38.0,0.0187,1.0
1767115269.748291,0.2679,0,39.0,0.2334,38.0,0.0345,1.0
1767115269.7822556,0.256,0,39.0,0.2334,38.0,0.0226,1.0
1767115269.8103905,0.2574,0,39.0,0.2334,38.0,0.024,1.0
1767115269.8429086,0.2616,0,39.0,0.2334,38.0,0.0282,1.0
1767115269.8758667,0.2616,0,39.0,0.2334,38.0,0.0282,1.0
1767115269.906299,0.2625,0,39.0,0.2334,38.0,0.0291,1.0
1767115269.9423518,0.256,0,39.0,0.2334,38.0,0.0226,1.0
1767115269.9772499,0.2616,0,39.0,0.2334,38.0,0.0282,1.0
1767115270.0014408,0.2625,0,39.0,0.2334,38.0,0.0291,1.0
1767115270.029471,0.2518,0,39.0,0.2334,38.0,0.0184,1.0
1767115270.0638533,0.2631,0,39.0,0.2334,38.0,0.0297,1.0
1767115270.1022606,0.2631,0,39.0,0.2334,38.0,0.0297,1.0
1767115270.1300669,0.2518,0,39.0,0.2334,38.0,0.0184,1.0
1767115270.1824286,0.2509,0,39.0,0.2334,38.0,0.0175,1.0
1767115270.2156613,0.2512,0,39.0,0.2334,38.0,0.0178,1.0
1767115270.2412772,0.257,0,39.0,0.2334,38.0,0.0236,1.0
1767115270.2765098,0.2463,0,39.0,0.2334,38.0,0.0129,1.0
1767115270.3068542,0.2579,0,39.0,0.2334,38.0,0.0245,1.0
1767115270.3410347,0.2518,0,39.0,0.2334,38.0,0.0184,1.0
1767115270.3704417,0.2512,0,39.0,0.2334,38.0,0.0178,1.0
1767115270.403466,0.2512,0,39.0,0.2334,38.0,0.0178,1.0
1767115270.4401991,0.2401,0,39.0,0.2334,38.0,0.0067,1.0
1767115270.4675658,0.2502,0,39.0,0.2334,38.0,0.0168,1.0
1767115270.5173378,0.2406,0,39.0,0.2334,38.0,0.0072,1.0
1767115270.5485504,0.2401,0,39.0,0.2334,38.0,0.0067,1.0
1767115270.581265,0.2401,0,39.0,0.2334,38.0,0.0067,1.0
1767115270.6087582,0.2412,0,39.0,0.2334,38.0,0.0078,1.0
1767115270.6464872,0.2509,0,39.0,0.2334,38.0,0.0175,1.0
1767115270.672974,0.2509,0,39.0,0.2334,38.0,0.0175,1.0
1767115270.7067108,0.2512,0,39.0,0.2334,38.0,0.0178,1.0
1767115270.7380188,0.2509,0,39.0,0.2334,38.0,0.0175,1.0
1767115270.7757316,0.2615,0,39.0,0.2334,38.0,0.0281,1.0
1767115270.8096476,0.2401,0,39.0,0.2334,38.0,0.0067,1.0
1767115270.8524165,0.247,0,39.0,0.2334,38.0,0.0136,1.0
1767115270.8869467,0.2714,0,39.0,0.2334,38.0,0.038,1.0
1767115270.9132972,0.2518,0,39.0,0.2334,38.0,0.0184,1.0
1767115270.94519,0.2508,0,39.0,0.2334,38.0,0.0174,1.0
1767115270.9864635,0.2548,0,39.0,0.2334,38.0,0.0214,1.0
1767115271.0080464,0.2447,0,39.0,0.2334,38.0,0.0113,1.0
1767115271.038228,0.2734,0,39.0,0.2334,38.0,0.04,1.0
1767115271.0729508,0.2572,0,39.0,0.2334,38.0,0.0238,1.0
1767115271.111825,0.2694,0,39.0,0.2334,38.0,0.036,1.0
1767115271.1400092,0.2581,0,39.0,0.2334,38.0,0.0247,1.0
1767115271.1895082,0.2625,0,39.0,0.2334,38.0,0.0291,1.0
1767115271.2199752,0.2641,0,39.0,0.2334,38.0,0.0307,1.0
1767115271.250272,0.2487,0,39.0,0.2334,38.0,0.0153,1.0
1767115271.2848344,0.2522,0,38.0,0.2334,38.0,0.0188,0.0
1767115271.3196468,0.2481,0,38.0,0.2334,38.0,0.0147,0.0
1767115271.3468025,0.258,0,38.0,0.2334,38.0,0.0246,0.0
1767115271.3803642,0.2634,0,38.0,0.2334,38.0,0.03,0.0
1767115271.410031,0.2375,0,38.0,0.2334,38.0,0.0041,0.0
1767115271.4480805,0.2547,0,38.0,0.2334,38.0,0.0213,0.0
1767115271.4885468,0.2196,0,38.0,0.2334,38.0,-0.0138,0.0
1767115271.5360723,0.0648,0,38.0,0.2334,38.0,-0.1686,0.0
1767115271.5569608,0.075,0,38.0,0.2334,38.0,-0.1584,0.0
1767115271.5783942,0.075,0,38.0,0.2334,38.0,-0.1584,0.0
1767115271.6229157,0.1716,0,38.0,0.2334,38.0,-0.0618,0.0
1767115271.6550646,0.217,1,39.0,0.2334,38.0,-0.0164,1.0
1767115271.6800778,0.2448,0,39.0,0.2334,38.0,0.0114,1.0
1767115271.7122676,0.2237,0,39.0,0.2334,38.0,-0.0097,1.0
1767115271.7418709,0.2442,0,39.0,0.2334,38.0,0.0108,1.0
1767115271.783661,0.2459,0,39.0,0.2334,38.0,0.0125,1.0
1767115271.8082392,0.2222,0,39.0,0.2334,38.0,-0.0112,1.0
1767115271.8594072,0.2274,0,39.0,0.2334,38.0,-0.006,1.0
1767115271.8912232,0.2302,0,39.0,0.2334,38.0,-0.0032,1.0
1767115271.909365,0.2302,0,39.0,0.2334,38.0,-0.0032,1.0
1767115271.925761,0.2346,0,39.0,0.2334,38.0,0.0012,1.0
1767115271.949751,0.2582,0,39.0,0.2334,38.0,0.0248,1.0
1767115271.983821,0.2274,0,39.0,0.2334,38.0,-0.006,1.0
1767115272.0487885,0.2581,0,39.0,0.2334,38.0,0.0247,1.0
1767115272.079847,0.2472,0,39.0,0.2334,38.0,0.0138,1.0
1767115272.1124158,0.2442,0,39.0,0.2334,38.0,0.0108,1.0
1767115272.1448534,0.2525,0,39.0,0.2334,38.0,0.0191,1.0
1767115272.19298,0.2455,0,39.0,0.2334,38.0,0.0121,1.0
1767115272.2280986,0.2582,0,39.0,0.2334,38.0,0.0248,1.0
1767115272.2451305,0.2582,0,39.0,0.2334,38.0,0.0248,1.0
1767115272.265977,0.2572,0,39.0,0.2334,38.0,0.0238,1.0
1767115272.2890038,0.2592,0,39.0,0.2334,38.0,0.0258,1.0
1767115272.3272502,0.2548,0,39.0,0.2334,38.0,0.0214,1.0
1767115272.353578,0.2549,0,39.0,0.2334,38.0,0.0215,1.0
1767115272.4152417,0.231,0,39.0,0.2334,38.0,-0.0024,1.0
1767115272.4519894,0.2401,0,39.0,0.2334,38.0,0.0067,1.0
1767115272.480013,0.2427,0,39.0,0.2334,38.0,0.0093,1.0
1767115272.5287545,0.2582,0,39.0,0.2334,38.0,0.0248,1.0
1767115272.5588288,0.2385,0,39.0,0.2334,38.0,0.0051,1.0
1767115272.5774167,0.2385,0,39.0,0.2334,38.0,0.0051,1.0
1767115272.5950997,0.2473,0,39.0,0.2334,38.0,0.0139,1.0
1767115272.6237087,0.2439,0,39.0,0.2334,38.0,0.0105,1.0
1767115272.6618538,0.2187,0,39.0,0.2334,38.0,-0.0147,1.0
1767115272.686376,0.2244,0,39.0,0.2334,38.0,-0.009,1.0
1767115272.7211387,0.2534,0,39.0,0.2334,38.0,0.02,1.0
1767115272.7569888,0.2388,0,39.0,0.2334,38.0,0.0054,1.0
1767115272.7834275,0.262,0,39.0,0.2334,38.0,0.0286,1.0
1767115272.8694193,0.2641,0,39.0,0.2334,38.0,0.0307,1.0
1767115272.9117665,0.2788,0,39.0,0.2334,38.0,0.0454,1.0
1767115272.9476042,0.2788,0,39.0,0.2334,38.0,0.0454,1.0
1767115272.9766557,0.2394,0,39.0,0.2334,38.0,0.006,1.0
1767115273.005394,0.2179,0,39.0,0.2334,38.0,-0.0155,1.0
1767115273.0261753,0.2576,0,39.0,0.2334,38.0,0.0242,1.0
1767115273.0433838,0.2581,0,39.0,0.2334,38.0,0.0247,1.0
1767115273.0666542,0.2475,0,39.0,0.2334,38.0,0.0141,1.0
1767115273.08862,0.2368,0,39.0,0.2334,38.0,0.0034,1.0
1767115273.1238441,0.2487,0,39.0,0.2334,38.0,0.0153,1.0
1767115273.1540937,0.2581,0,39.0,0.2334,38.0,0.0247,1.0
1767115273.201966,0.2634,0,39.0,0.2334,38.0,0.03,1.0
1767115273.2330158,0.2718,0,39.0,0.2334,38.0,0.0384,1.0
1767115273.264227,0.2527,0,39.0,0.2334,38.0,0.0193,1.0
1767115273.299346,0.262,0,39.0,0.2334,38.0,0.0286,1.0
1767115273.3299146,0.2741,0,39.0,0.2334,38.0,0.0407,1.0
1767115273.3618538,0.2662,0,39.0,0.2334,38.0,0.0328,1.0
1767115273.3933818,0.2524,0,39.0,0.2334,38.0,0.019,1.0
1767115273.4255214,0.219,0,39.0,0.2334,38.0,-0.0144,1.0
1767115273.4605417,0.1953,0,39.0,0.2334,38.0,-0.0381,1.0
1767115273.4892497,0.0431,0,39.0,0.2334,38.0,-0.1903,1.0
1767115273.5385368,0.0464,0,39.0,0.2334,38.0,-0.187,1.0
1767115273.5687008,0.0623,0,39.0,0.2334,38.0,-0.1711,1.0
1767115273.598523,0.1918,0,39.0,0.2334,38.0,-0.0416,1.0
1767115273.633374,0.2439,1,40.0,0.2334,38.0,0.0105,2.0
1767115273.665906,0.2336,0,40.0,0.2334,38.0,0.0002,2.0
1767115273.6937752,0.2533,0,40.0,0.2334,38.0,0.0199,2.0
1767115273.7290015,0.267,0,40.0,0.2334,38.0,0.0336,2.0
1767115273.75959,0.2534,0,40.0,0.2334,38.0,0.02,2.0
1767115273.796529,0.2818,0,40.0,0.2334,38.0,0.0484,2.0
1767115273.8239737,0.2473,0,40.0,0.2334,38.0,0.0139,2.0
1767115273.874877,0.2634,0,40.0,0.2334,38.0,0.03,2.0
1767115273.9021099,0.2469,0,40.0,0.2334,38.0,0.0135,2.0
1767115273.936022,0.257,0,40.0,0.2334,38.0,0.0236,2.0
1767115273.968349,0.267,0,40.0,0.2334,38.0,0.0336,2.0
1767115273.998486,0.2633,0,40.0,0.2334,38.0,0.0299,2.0
1767115274.0318406,0.2567,0,40.0,0.2334,38.0,0.0233,2.0
1767115274.0635996,0.2532,0,40.0,0.2334,38.0,0.0198,2.0
1767115274.096103,0.2259,0,40.0,0.2334,38.0,-0.0075,2.0
1767115274.1292253,0.0621,0,40.0,0.2334,38.0,-0.1713,2.0
1767115274.16144,0.0383,0,40.0,0.2334,38.0,-0.1951,2.0
1767115274.2124934,0.0288,0,40.0,0.2334,38.0,-0.2046,2.0
1767115274.243867,0.1067,0,40.0,0.2334,38.0,-0.1267,2.0
1767115274.274666,0.1988,0,40.0,0.2334,38.0,-0.0346,2.0
1767115274.3031492,0.2167,1,41.0,0.2334,38.0,-0.0167,3.0
1767115274.3382394,0.217,0,41.0,0.2334,38.0,-0.0164,3.0
1767115274.3700676,0.2381,0,41.0,0.2334,38.0,0.0047,3.0
1767115274.399717,0.2472,0,41.0,0.2334,38.0,0.0138,3.0
1767115274.4310434,0.2575,0,41.0,0.2334,38.0,0.0241,3.0
1767115274.4659472,0.2518,0,41.0,0.2334,38.0,0.0184,3.0
1767115274.4980469,0.2436,0,41.0,0.2334,38.0,0.0102,3.0
1767115274.5443592,0.1977,0,40.0,0.2334,38.0,-0.0357,2.0
1767115274.5753202,0.0429,0,40.0,0.2334,38.0,-0.1905,2.0
1767115274.609437,0.0329,0,40.0,0.2334,38.0,-0.2005,2.0
1767115274.639322,0.0,0,40.0,0.2334,38.0,-0.2334,2.0
1767115274.6728961,0.0238,0,40.0,0.2334,38.0,-0.2096,2.0
1767115274.7048497,0.0802,0,40.0,0.2334,38.0,-0.1532,2.0
1767115274.73591,0.2001,0,40.0,0.2334,38.0,-0.0333,2.0
1767115274.7655897,0.2274,1,40.0,0.2334,38.0,-0.006,2.0
1767115274.8022802,0.2641,0,40.0,0.2334,38.0,0.0307,2.0
1767115274.8314552,0.2668,0,40.0,0.2334,38.0,0.0334,2.0
1767115274.8802557,0.2566,0,40.0,0.2334,38.0,0.0232,2.0
1767115274.91457,0.2611,0,40.0,0.2334,38.0,0.0277,2.0
1767115274.944427,0.2672,0,40.0,0.2334,38.0,0.0338,2.0
1767115274.9773195,0.2781,0,40.0,0.2334,38.0,0.0447,2.0
1767115275.008444,0.2778,0,40.0,0.2334,38.0,0.0444,2.0
1767115275.039266,0.2789,0,40.0,0.2334,38.0,0.0455,2.0
1767115275.0724661,0.2788,0,40.0,0.2334,38.0,0.0454,2.0
1767115275.1046221,0.2726,0,40.0,0.2334,38.0,0.0392,2.0
1767115275.1386433,0.298,0,40.0,0.2334,38.0,0.0646,2.0
1767115275.1684785,0.2683,0,40.0,0.2334,38.0,0.0349,2.0
1767115275.21823,0.2732,0,40.0,0.2334,38.0,0.0398,2.0
1767115275.2501066,0.2694,0,40.0,0.2334,38.0,0.036,2.0
1767115275.2790022,0.2588,0,40.0,0.2334,38.0,0.0254,2.0
1767115275.3116868,0.2588,0,40.0,0.2334,38.0,0.0254,2.0
1767115275.349941,0.258,0,40.0,0.2334,38.0,0.0246,2.0
1767115275.372907,0.2427,0,40.0,0.2334,38.0,0.0093,2.0
1767115275.4086528,0.2427,0,40.0,0.2334,38.0,0.0093,2.0
1767115275.4406393,0.2379,0,40.0,0.2334,38.0,0.0045,2.0
1767115275.4719553,0.1132,0,40.0,0.2334,38.0,-0.1202,2.0
1767115275.5036893,0.0135,0,40.0,0.2334,38.0,-0.2199,2.0
1767115275.55434,0.06,0,40.0,0.2334,38.0,-0.1734,2.0
1767115275.5834367,0.133,0,40.0,0.2334,38.0,-0.1004,2.0
1767115275.6019723,0.133,0,40.0,0.2334,38.0,-0.1004,2.0
1767115275.6542628,0.2487,1,41.0,0.2334,38.0,0.0153,3.0
1767115275.6818192,0.2421,0,41.0,0.2334,38.0,0.0087,3.0
1767115275.7107532,0.2472,0,41.0,0.2334,38.0,0.0138,3.0
1767115275.743974,0.2745,0,41.0,0.2334,38.0,0.0411,3.0
1767115275.7758021,0.1845,0,41.0,0.2334,38.0,-0.0489,3.0
1767115275.812677,0.045,0,41.0,0.2334,38.0,-0.1884,3.0
1767115275.8391433,0.0438,0,41.0,0.2334,38.0,-0.1896,3.0
1767115275.8890953,0.0786,0,41.0,0.2334,38.0,-0.1548,3.0
1767115275.920812,0.2159,1,42.0,0.2334,38.0,-0.0175,4.0
1767115275.9385147,0.2159,0,42.0,0.2334,38.0,-0.0175,4.0
1767115275.9553244,0.2572,0,42.0,0.2334,38.0,0.0238,4.0
1767115276.0208333,0.0343,0,42.0,0.2334,38.0,-0.1991,4.0
1767115276.050016,0.02,0,42.0,0.2334,38.0,-0.2134,4.0
1767115276.0810506,0.0397,0,42.0,0.2334,38.0,-0.1937,4.0
1767115276.1122928,0.2103,1,43.0,0.2334,38.0,-0.0231,5.0
1767115276.143533,0.2365,0,43.0,0.2334,38.0,0.0031,5.0
1767115276.1792057,0.2228,0,43.0,0.2334,38.0,-0.0106,5.0
1767115276.2275417,0.0398,0,43.0,0.2334,38.0,-0.1936,5.0
1767115276.2594578,0.043,0,43.0,0.2334,38.0,-0.1904,5.0
1767115276.2767596,0.043,0,43.0,0.2334,38.0,-0.1904,5.0
1767115276.294213,0.2044,0,43.0,0.2334,38.0,-0.029,5.0
1767115276.3195744,0.2481,1,44.0,0.2334,38.0,0.0147,6.0
1767115276.3526633,0.2441,0,44.0,0.2334,38.0,0.0107,6.0
1767115276.385786,0.039,0,44.0,0.2334,38.0,-0.1944,6.0
1767115276.4535127,0.0986,0,44.0,0.2334,38.0,-0.1348,6.0
1767115276.4831111,0.2467,0,44.0,0.2334,38.0,0.0133,6.0
1767115276.5141752,0.2437,0,44.0,0.2334,38.0,0.0103,6.0
1767115276.5645783,0.0481,0,44.0,0.2334,38.0,-0.1853,6.0
1767115276.5941575,0.0421,0,44.0,0.2334,38.0,-0.1913,6.0
1767115276.6124003,0.0421,0,44.0,0.2334,38.0,-0.1913,6.0
1767115276.635417,0.051,0,44.0,0.2334,38.0,-0.1824,6.0
1767115276.6560943,0.2125,1,45.0,0.2334,38.0,-0.0209,7.0
1767115276.6916595,0.2385,0,45.0,0.2334,38.0,0.0051,7.0
1767115276.720396,0.0431,0,45.0,0.2334,38.0,-0.1903,7.0
1767115276.7520957,0.0288,0,45.0,0.2334,38.0,-0.2046,7.0
1767115276.7854345,0.0438,0,45.0,0.2334,38.0,-0.1896,7.0
1767115276.8490152,0.2527,1,46.0,0.2334,38.0,0.0193,8.0
1767115276.8979921,0.149,0,46.0,0.2334,38.0,-0.0844,8.0
1767115276.929908,0.0769,0,46.0,0.2334,38.0,-0.1565,8.0
1767115276.9458249,0.0769,0,46.0,0.2334,38.0,-0.1565,8.0
1767115276.9659772,0.0482,0,46.0,0.2334,38.0,-0.1852,8.0
1767115276.99146,0.1729,0,46.0,0.2334,38.0,-0.0605,8.0
1767115277.027332,0.2584,1,47.0,0.2334,38.0,0.025,9.0
1767115277.0550597,0.2472,0,47.0,0.2334,38.0,0.0138,9.0
1767115277.089701,0.079,0,47.0,0.2334,38.0,-0.1544,9.0
1767115277.1214254,0.0283,0,47.0,0.2334,38.0,-0.2051,9.0
1767115277.16029,0.0912,0,47.0,0.2334,38.0,-0.1422,9.0
1767115277.185052,0.2519,1,48.0,0.2334,38.0,0.0185,10.0
1767115277.2687404,0.2853,0,48.0,0.2334,38.0,0.0519,10.0
1767115277.2862213,0.2853,0,48.0,0.2334,38.0,0.0519,10.0
1767115277.3056443,0.3119,0,48.0,0.2334,38.0,0.0785,10.0
1767115277.3274963,0.3012,0,48.0,0.2334,38.0,0.0678,10.0
1767115277.3608818,0.2927,0,48.0,0.2334,38.0,0.0593,10.0
1767115277.391295,0.2925,0,47.0,0.2334,38.0,0.0591,9.0
1767115277.426899,0.0438,0,47.0,0.2334,38.0,-0.1896,9.0
1767115277.456389,0.0104,0,47.0,0.2334,38.0,-0.223,9.0
1767115277.4888797,0.0364,0,47.0,0.2334,38.0,-0.197,9.0
1767115277.519304,0.1773,0,47.0,0.2334,38.0,-0.0561,9.0
1767115277.5707896,0.2625,1,48.0,0.2334,38.0,0.0291,10.0
1767115277.6023839,0.3062,0,48.0,0.2334,38.0,0.0728,10.0
1767115277.6353052,0.3179,0,48.0,0.2334,38.0,0.0845,10.0
1767115277.6640499,0.3135,0,48.0,0.2334,38.0,0.0801,10.0
1767115277.7020502,0.3215,0,48.0,0.2334,38.0,0.0881,10.0
1767115277.7290428,0.3119,0,48.0,0.2334,38.0,0.0785,10.0
1767115277.761686,0.3044,0,48.0,0.2334,38.0,0.071,10.0
1767115277.789792,0.3175,0,48.0,0.2334,38.0,0.0841,10.0
1767115277.8282266,0.0928,0,48.0,0.2334,38.0,-0.1406,10.0
1767115277.8623338,0.0318,0,48.0,0.2334,38.0,-0.2016,10.0
1767115277.9098787,0.0384,0,48.0,0.2334,38.0,-0.195,10.0
1767115277.9422624,0.1826,0,48.0,0.2334,38.0,-0.0508,10.0
1767115277.974519,0.261,1,49.0,0.2334,38.0,0.0276,11.0
1767115278.0050795,0.2647,0,49.0,0.2334,38.0,0.0313,11.0
1767115278.043749,0.2935,0,49.0,0.2334,38.0,0.0601,11.0
1767115278.0696938,0.2704,0,49.0,0.2334,38.0,0.037,11.0
1767115278.10167,0.0902,0,49.0,0.2334,38.0,-0.1432,11.0
1767115278.1356852,0.0241,0,49.0,0.2334,38.0,-0.2093,11.0
1767115278.1660838,0.0364,0,49.0,0.2334,38.0,-0.197,11.0
1767115278.2009141,0.0601,0,49.0,0.2334,38.0,-0.1733,11.0
1767115278.2509115,0.2425,1,50.0,0.2334,38.0,0.0091,12.0
1767115278.274901,0.2745,0,50.0,0.2334,38.0,0.0411,12.0
1767115278.3028405,0.3056,0,50.0,0.2334,38.0,0.0722,12.0
1767115278.3360069,0.3064,0,50.0,0.2334,38.0,0.073,12.0
1767115278.368994,0.3067,0,50.0,0.2334,38.0,0.0733,12.0
1767115278.4076033,0.3013,0,50.0,0.2334,38.0,0.0679,12.0
1767115278.4304473,0.242,0,50.0,0.2334,38.0,0.0086,12.0
1767115278.46596,0.0289,0,50.0,0.2334,38.0,-0.2045,12.0
1767115278.5010026,0.01,0,50.0,0.2334,38.0,-0.2234,12.0
1767115278.5262702,0.0355,0,50.0,0.2334,38.0,-0.1979,12.0
1767115278.5803766,0.0,0,50.0,0.2334,38.0,-0.2334,12.0
1767115278.6106231,0.0273,0,50.0,0.2334,38.0,-0.2061,12.0
1767115278.6410422,0.0177,0,50.0,0.2334,38.0,-0.2157,12.0
1767115278.674683,0.0177,0,49.0,0.2334,38.0,-0.2157,11.0
1767115278.7057295,0.0096,0,49.0,0.2334,38.0,-0.2238,11.0
1767115278.7367601,0.0309,0,49.0,0.2334,38.0,-0.2025,11.0
1767115278.7667856,0.0523,0,49.0,0.2334,38.0,-0.1811,11.0
1767115278.800001,0.0503,0,49.0,0.2334,38.0,-0.1831,11.0
1767115278.8314338,0.0484,0,49.0,0.2334,38.0,-0.185,11.0
1767115278.8633337,0.0439,0,49.0,0.2334,38.0,-0.1895,11.0
1767115278.914638,0.0439,0,49.0,0.2334,38.0,-0.1895,11.0
1767115278.9475148,0.0553,0,49.0,0.2334,38.0,-0.1781,11.0
1767115278.9758387,0.0399,0,49.0,0.2334,38.0,-0.1935,11.0
1767115279.0075119,0.0439,0,49.0,0.2334,38.0,-0.1895,11.0
1767115279.0443277,0.0439,0,49.0,0.2334,38.0,-0.1895,11.0
1767115279.0738792,0.0399,0,49.0,0.2334,38.0,-0.1935,11.0
1767115279.1053236,0.031,0,49.0,0.2334,38.0,-0.2024,11.0
1767115279.1358545,0.0545,0,49.0,0.2334,38.0,-0.1789,11.0
1767115279.1719003,0.0378,0,49.0,0.2334,38.0,-0.1956,11.0
1767115279.20281,0.0505,0,49.0,0.2334,38.0,-0.1829,11.0
1767115279.2535918,0.0585,0,49.0,0.2334,38.0,-0.1749,11.0
1767115279.279252,0.0398,0,49.0,0.2334,38.0,-0.1936,11.0
1767115279.3115423,0.0339,0,49.0,0.2334,38.0,-0.1995,11.0
1767115279.3476093,0.0336,0,49.0,0.2334,38.0,-0.1998,11.0
1767115279.3845267,0.0313,0,49.0,0.2334,38.0,-0.2021,11.0
1767115279.4083462,0.0471,0,49.0,0.2334,38.0,-0.1863,11.0
1767115279.4420402,0.0525,0,49.0,0.2334,38.0,-0.1809,11.0
1767115279.4730997,0.0438,0,49.0,0.2334,38.0,-0.1896,11.0
1767115279.5059528,0.0475,0,49.0,0.2334,38.0,-0.1859,11.0
1767115279.5373266,0.0378,0,49.0,0.2334,38.0,-0.1956,11.0
1767115279.5874386,0.0474,0,49.0,0.2334,38.0,-0.186,11.0
1767115279.620545,0.0364,0,49.0,0.2334,38.0,-0.197,11.0
1767115279.6484761,0.0222,0,49.0,0.2334,38.0,-0.2112,11.0
1767115279.683163,0.0343,0,49.0,0.2334,38.0,-0.1991,11.0
1767115279.7165422,0.0398,0,49.0,0.2334,38.0,-0.1936,11.0
1767115279.7445765,0.0403,0,49.0,0.2334,38.0,-0.1931,11.0
1767115279.7789993,0.0318,0,49.0,0.2334,38.0,-0.2016,11.0
1767115279.8129022,0.0446,0,49.0,0.2334,38.0,-0.1888,11.0
1767115279.8436882,0.0518,0,49.0,0.2334,38.0,-0.1816,11.0
1767115279.8726802,0.1012,0,49.0,0.2334,38.0,-0.1322,11.0
1767115279.9204528,0.1652,0,48.0,0.2334,38.0,-0.0682,10.0
1767115279.9517217,0.1909,0,48.0,0.2334,38.0,-0.0425,10.0
1767115279.969999,0.1909,0,48.0,0.2334,38.0,-0.0425,10.0
1767115279.985753,0.2289,1,49.0,0.2334,38.0,-0.0045,11.0
1767115280.0517855,0.2398,0,49.0,0.2334,38.0,0.0064,11.0
1767115280.0808191,0.2387,0,49.0,0.2334,38.0,0.0053,11.0
1767115280.1131701,0.2434,0,49.0,0.2334,38.0,0.01,11.0
1767115280.1445284,0.2639,0,49.0,0.2334,38.0,0.0305,11.0
1767115280.1762457,0.2523,0,49.0,0.2334,38.0,0.0189,11.0
1767115280.2103393,0.2571,0,49.0,0.2334,38.0,0.0237,11.0
1767115280.260257,0.2514,0,49.0,0.2334,38.0,0.018,11.0
1767115280.2921996,0.2471,0,49.0,0.2334,38.0,0.0137,11.0
1767115280.30763,0.2471,0,49.0,0.2334,38.0,0.0137,11.0
1767115280.3248427,0.2611,0,49.0,0.2334,38.0,0.0277,11.0
1767115280.3519144,0.2425,0,49.0,0.2334,38.0,0.0091,11.0
1767115280.3867583,0.2447,0,49.0,0.2334,38.0,0.0113,11.0
1767115280.451219,0.2417,0,49.0,0.2334,38.0,0.0083,11.0
1767115280.481516,0.2562,0,49.0,0.2334,38.0,0.0228,11.0
1767115280.513996,0.2346,0,49.0,0.2334,38.0,0.0012,11.0
1767115280.5431998,0.2434,0,49.0,0.2334,38.0,0.01,11.0
1767115280.5989337,0.2471,0,49.0,0.2334,38.0,0.0137,11.0
1767115280.624209,0.2514,0,49.0,0.2334,38.0,0.018,11.0
1767115280.6416461,0.2514,0,49.0,0.2334,38.0,0.018,11.0
1767115280.6674871,0.2514,0,49.0,0.2334,38.0,0.018,11.0
1767115280.6884875,0.2632,0,49.0,0.2334,38.0,0.0298,11.0
1767115280.7234676,0.2514,0,49.0,0.2334,38.0,0.018,11.0
1767115280.7517586,0.2514,0,49.0,0.2334,38.0,0.018,11.0
1767115280.7845929,0.2625,0,49.0,0.2334,38.0,0.0291,11.0
1767115280.852429,0.2611,0,49.0,0.2334,38.0,0.0277,11.0
1767115280.8783083,0.2625,0,49.0,0.2334,38.0,0.0291,11.0
1767115280.9316885,0.2471,0,49.0,0.2334,38.0,0.0137,11.0
1767115280.9616394,0.2653,0,49.0,0.2334,38.0,0.0319,11.0
1767115280.9764445,0.2653,0,49.0,0.2334,38.0,0.0319,11.0
1767115280.9967015,0.2554,0,49.0,0.2334,38.0,0.022,11.0
1767115281.0240014,0.241,0,49.0,0.2334,38.0,0.0076,11.0
1767115281.056127,0.2551,0,49.0,0.2334,38.0,0.0217,11.0
1767115281.087702,0.2416,0,49.0,0.2334,38.0,0.0082,11.0
1767115281.1200225,0.233,0,49.0,0.2334,38.0,-0.0004,11.0
1767115281.1503692,0.2419,0,49.0,0.2334,38.0,0.0085,11.0
1767115281.2224343,0.2209,0,49.0,0.2334,38.0,-0.0125,11.0
1767115281.2680888,0.0969,0,49.0,0.2334,38.0,-0.1365,11.0
1767115281.2977967,0.0993,0,49.0,0.2334,38.0,-0.1341,11.0
1767115281.3146112,0.0993,0,49.0,0.2334,38.0,-0.1341,11.0
1767115281.3364618,0.1929,0,49.0,0.2334,38.0,-0.0405,11.0
1767115281.3585036,0.2229,1,50.0,0.2334,38.0,-0.0105,12.0
1767115281.3952708,0.2322,0,50.0,0.2334,38.0,-0.0012,12.0
1767115281.4243858,0.2626,0,50.0,0.2334,38.0,0.0292,12.0
1767115281.4562619,0.2571,0,50.0,0.2334,38.0,0.0237,12.0
1767115281.4895306,0.2433,0,50.0,0.2334,38.0,0.0099,12.0
1767115281.5224924,0.2482,0,50.0,0.2334,38.0,0.0148,12.0
1767115281.55245,0.2383,0,50.0,0.2334,38.0,0.0049,12.0
1767115281.6030986,0.2383,0,50.0,0.2334,38.0,0.0049,12.0
1767115281.634464,0.2425,0,50.0,0.2334,38.0,0.0091,12.0
1767115281.664594,0.2473,0,50.0,0.2334,38.0,0.0139,12.0
1767115281.6969101,0.2383,0,50.0,0.2334,38.0,0.0049,12.0
1767115281.7287092,0.2478,0,50.0,0.2334,38.0,0.0144,12.0
1767115281.7582045,0.2418,0,50.0,0.2334,38.0,0.0084,12.0
1767115281.792584,0.2468,0,50.0,0.2334,38.0,0.0134,12.0
1767115281.8244286,0.2374,0,50.0,0.2334,38.0,0.004,12.0
1767115281.8603497,0.246,0,50.0,0.2334,38.0,0.0126,12.0
1767115281.8892455,0.2416,0,50.0,0.2334,38.0,0.0082,12.0
1767115281.9350483,0.2522,0,50.0,0.2334,38.0,0.0188,12.0
1767115281.9682848,0.2425,0,50.0,0.2334,38.0,0.0091,12.0
1767115281.999757,0.2446,0,50.0,0.2334,38.0,0.0112,12.0
1767115282.0328007,0.2346,0,50.0,0.2334,38.0,0.0012,12.0
1767115282.0680954,0.056,0,49.0,0.2334,38.0,-0.1774,11.0
1767115282.095183,0.0812,0,49.0,0.2334,38.0,-0.1522,11.0
1767115282.1289146,0.1072,0,49.0,0.2334,38.0,-0.1262,11.0
1767115282.1606326,0.1971,0,49.0,0.2334,38.0,-0.0363,11.0
1767115282.1946054,0.2142,1,50.0,0.2334,38.0,-0.0192,12.0
1767115282.225595,0.2469,0,50.0,0.2334,38.0,0.0135,12.0
1767115282.2768888,0.2433,0,50.0,0.2334,38.0,0.0099,12.0
1767115282.3067126,0.2416,0,50.0,0.2334,38.0,0.0082,12.0
1767115282.3361635,0.2383,0,50.0,0.2334,38.0,0.0049,12.0
1767115282.3705814,0.241,0,50.0,0.2334,38.0,0.0076,12.0
1767115282.4019585,0.2394,0,50.0,0.2334,38.0,0.006,12.0
1767115282.434022,0.2419,0,50.0,0.2334,38.0,0.0085,12.0
1767115282.4649663,0.2374,0,50.0,0.2334,38.0,0.004,12.0
1767115282.4977605,0.2434,0,50.0,0.2334,38.0,0.01,12.0
1767115282.5330834,0.2488,0,50.0,0.2334,38.0,0.0154,12.0
1767115282.5603955,0.2406,0,50.0,0.2334,38.0,0.0072,12.0
1767115282.611023,0.2455,0,50.0,0.2334,38.0,0.0121,12.0
1767115282.639756,0.2425,0,50.0,0.2334,38.0,0.0091,12.0
1767115282.6770024,0.2394,0,50.0,0.2334,38.0,0.006,12.0
1767115282.7046192,0.2455,0,50.0,0.2334,38.0,0.0121,12.0
1767115282.740426,0.2402,0,50.0,0.2334,38.0,0.0068,12.0
1767115282.767214,0.2346,0,50.0,0.2334,38.0,0.0012,12.0
1767115282.8016315,0.1956,0,50.0,0.2334,38.0,-0.0378,12.0
1767115282.832333,0.1956,0,50.0,0.2334,38.0,-0.0378,12.0
1767115282.8632445,0.2275,0,50.0,0.2334,38.0,-0.0059,12.0
1767115282.8977764,0.2446,0,50.0,0.2334,38.0,0.0112,12.0
1767115282.9452999,0.2537,0,50.0,0.2334,38.0,0.0203,12.0
1767115282.9809048,0.2582,0,50.0,0.2334,38.0,0.0248,12.0
1767115283.008055,0.2728,0,50.0,0.2334,38.0,0.0394,12.0
1767115283.0395734,0.2728,0,50.0,0.2334,38.0,0.0394,12.0
1767115283.0731313,0.2523,0,50.0,0.2334,38.0,0.0189,12.0
1767115283.1046865,0.2669,0,50.0,0.2334,38.0,0.0335,12.0
1767115283.1374266,0.2643,0,50.0,0.2334,38.0,0.0309,12.0
1767115283.1670358,0.2619,0,50.0,0.2334,38.0,0.0285,12.0
1767115283.2028127,0.237,0,50.0,0.2334,38.0,0.0036,12.0
1767115283.2339048,0.2417,0,50.0,0.2334,38.0,0.0083,12.0
1767115283.2841349,0.2678,0,50.0,0.2334,38.0,0.0344,12.0
1767115283.3117185,0.2639,0,50.0,0.2334,38.0,0.0305,12.0
1767115283.346661,0.2412,0,50.0,0.2334,38.0,0.0078,12.0
1767115283.3806658,0.2411,0,50.0,0.2334,38.0,0.0077,12.0
1767115283.4100149,0.242,0,50.0,0.2334,38.0,0.0086,12.0
1767115283.4408095,0.2455,0,50.0,0.2334,38.0,0.0121,12.0
1767115283.4702594,0.1267,0,50.0,0.2334,38.0,-0.1067,12.0
1767115283.5042522,0.0824,0,50.0,0.2334,38.0,-0.151,12.0
1767115283.5356612,0.0998,0,50.0,0.2334,38.0,-0.1336,12.0
1767115283.5695195,0.2081,0,50.0,0.2334,38.0,-0.0253,12.0
1767115283.6202843,0.2185,1,51.0,0.2334,38.0,-0.0149,13.0
1767115283.652821,0.2434,0,51.0,0.2334,38.0,0.01,13.0
1767115283.6805809,0.2425,0,51.0,0.2334,38.0,0.0091,13.0
1767115283.7118902,0.2514,0,51.0,0.2334,38.0,0.018,13.0
1767115283.7454793,0.2591,0,51.0,0.2334,38.0,0.0257,13.0
1767115283.777546,0.2714,0,51.0,0.2334,38.0,0.038,13.0
1767115283.8101084,0.2633,0,51.0,0.2334,38.0,0.0299,13.0
1767115283.841586,0.2664,0,51.0,0.2334,38.0,0.033,13.0
1767115283.8741863,0.2757,0,51.0,0.2334,38.0,0.0423,13.0
1767115283.9063375,0.2664,0,51.0,0.2334,38.0,0.033,13.0
1767115283.96253,0.2728,0,51.0,0.2334,38.0,0.0394,13.0
1767115283.9872983,0.2626,0,51.0,0.2334,38.0,0.0292,13.0
1767115284.0160527,0.2575,0,51.0,0.2334,38.0,0.0241,13.0
1767115284.0502977,0.2674,0,51.0,0.2334,38.0,0.034,13.0
1767115284.0814128,0.2704,0,51.0,0.2334,38.0,0.037,13.0
1767115284.1124089,0.2513,0,51.0,0.2334,38.0,0.0179,13.0
1767115284.1435945,0.2663,0,51.0,0.2334,38.0,0.0329,13.0
1767115284.1776462,0.2601,0,51.0,0.2334,38.0,0.0267,13.0
1767115284.2117991,0.2473,0,51.0,0.2334,38.0,0.0139,13.0
1767115284.239155,0.2473,0,51.0,0.2334,38.0,0.0139,13.0
1767115284.2895336,0.2726,0,51.0,0.2334,38.0,0.0392,13.0
1767115284.323186,0.2818,0,51.0,0.2334,38.0,0.0484,13.0
1767115284.341936,0.2818,0,51.0,0.2334,38.0,0.0484,13.0
1767115284.365732,0.2746,0,51.0,0.2334,38.0,0.0412,13.0
1767115284.4207745,0.2903,0,51.0,0.2334,38.0,0.0569,13.0
1767115284.44766,0.2653,0,51.0,0.2334,38.0,0.0319,13.0
1767115284.4800966,0.254,0,51.0,0.2334,38.0,0.0206,13.0
1767115284.5112193,0.2597,0,51.0,0.2334,38.0,0.0263,13.0
1767115284.5491831,0.2564,0,51.0,0.2334,38.0,0.023,13.0
1767115284.5768301,0.2757,0,51.0,0.2334,38.0,0.0423,13.0
1767115284.6268952,0.2605,0,51.0,0.2334,38.0,0.0271,13.0
1767115284.6571305,0.2813,0,51.0,0.2334,38.0,0.0479,13.0
1767115284.6734953,0.2813,0,51.0,0.2334,38.0,0.0479,13.0
1767115284.7038848,0.2671,0,51.0,0.2334,38.0,0.0337,13.0
1767115284.7194984,0.2765,0,51.0,0.2334,38.0,0.0431,13.0
1767115284.7589242,0.2903,0,51.0,0.2334,38.0,0.0569,13.0
1767115284.783623,0.2757,0,51.0,0.2334,38.0,0.0423,13.0
1767115284.8529766,0.2606,0,51.0,0.2334,38.0,0.0272,13.0
1767115284.879954,0.2813,0,51.0,0.2334,38.0,0.0479,13.0
1767115284.9129796,0.2741,0,51.0,0.2334,38.0,0.0407,13.0
1767115284.962447,0.2796,0,51.0,0.2334,38.0,0.0462,13.0
1767115284.9938078,0.2646,0,51.0,0.2334,38.0,0.0312,13.0
1767115285.0108976,0.2646,0,51.0,0.2334,38.0,0.0312,13.0
1767115285.0364335,0.2662,0,51.0,0.2334,38.0,0.0328,13.0
1767115285.0569274,0.2593,0,51.0,0.2334,38.0,0.0259,13.0
1767115285.0894575,0.253,0,51.0,0.2334,38.0,0.0196,13.0
1767115285.120055,0.2638,0,51.0,0.2334,38.0,0.0304,13.0
1767115285.1529984,0.2267,0,51.0,0.2334,38.0,-0.0067,13.0
1767115285.184543,0.1575,0,51.0,0.2334,38.0,-0.0759,13.0
1767115285.2554982,0.2072,0,51.0,0.2334,38.0,-0.0262,13.0
1767115285.2999537,0.221,0,51.0,0.2334,38.0,-0.0124,13.0
1767115285.3306634,0.2535,0,51.0,0.2334,38.0,0.0201,13.0
1767115285.3496192,0.2535,0,51.0,0.2334,38.0,0.0201,13.0
1767115285.3737984,0.2487,0,51.0,0.2334,38.0,0.0153,13.0
1767115285.3926167,0.2467,0,51.0,0.2334,38.0,0.0133,13.0
1767115285.4287565,0.2476,0,51.0,0.2334,38.0,0.0142,13.0
1767115285.4562833,0.2443,0,51.0,0.2334,38.0,0.0109,13.0
1767115285.4886231,0.2639,0,51.0,0.2334,38.0,0.0305,13.0
1767115285.5237062,0.2659,0,51.0,0.2334,38.0,0.0325,13.0
1767115285.552991,0.2601,0,51.0,0.2334,38.0,0.0267,13.0
1767115285.6396627,0.2612,0,51.0,0.2334,38.0,0.0278,13.0
1767115285.6839607,0.2659,0,51.0,0.2334,38.0,0.0325,13.0
1767115285.7119424,0.2659,0,51.0,0.2334,38.0,0.0325,13.0
1767115285.7440581,0.2773,0,51.0,0.2334,38.0,0.0439,13.0
1767115285.776408,0.261,0,51.0,0.2334,38.0,0.0276,13.0
1767115285.8062122,0.2771,0,51.0,0.2334,38.0,0.0437,13.0
1767115285.8210552,0.2601,0,51.0,0.2334,38.0,0.0267,13.0
1767115285.838682,0.2668,0,51.0,0.2334,38.0,0.0334,13.0
1767115285.8698044,0.2763,0,51.0,0.2334,38.0,0.0429,13.0
1767115285.8881078,0.2807,0,51.0,0.2334,38.0,0.0473,13.0
1767115285.921361,0.2709,0,51.0,0.2334,38.0,0.0375,13.0
1767115285.973753,0.2706,0,50.0,0.2334,38.0,0.0372,12.0
1767115285.9991727,0.2757,0,50.0,0.2334,38.0,0.0423,12.0
1767115286.0298212,0.2813,0,50.0,0.2334,38.0,0.0479,12.0
1767115286.0615668,0.2757,0,50.0,0.2334,38.0,0.0423,12.0
1767115286.098987,0.2493,0,50.0,0.2334,38.0,0.0159,12.0
1767115286.1273096,0.1011,0,50.0,0.2334,38.0,-0.1323,12.0
1767115286.1599853,0.0478,0,50.0,0.2334,38.0,-0.1856,12.0
1767115286.1899538,0.0403,0,50.0,0.2334,38.0,-0.1931,12.0
1767115286.2292058,0.0479,0,50.0,0.2334,38.0,-0.1855,12.0
1767115286.255886,0.0575,0,50.0,0.2334,38.0,-0.1759,12.0
1767115286.311307,0.0207,0,50.0,0.2334,38.0,-0.2127,12.0
1767115286.345227,0.04,0,50.0,0.2334,38.0,-0.1934,12.0
1767115286.3695433,0.0355,0,50.0,0.2334,38.0,-0.1979,12.0
1767115286.4024308,0.1296,0,50.0,0.2334,38.0,-0.1038,12.0
1767115286.439514,0.2361,1,51.0,0.2334,38.0,0.0027,13.0
1767115286.4831161,0.2821,0,51.0,0.2334,38.0,0.0487,13.0
1767115286.5112293,0.2867,0,51.0,0.2334,38.0,0.0533,13.0
1767115286.528518,0.3076,0,51.0,0.2334,38.0,0.0742,13.0
1767115286.5626714,0.302,0,51.0,0.2334,38.0,0.0686,13.0
1767115286.5948474,0.2944,0,51.0,0.2334,38.0,0.061,13.0
1767115286.6466258,0.2927,0,51.0,0.2334,38.0,0.0593,13.0
1767115286.6740127,0.3119,0,51.0,0.2334,38.0,0.0785,13.0
1767115286.7056687,0.2838,0,51.0,0.2334,38.0,0.0504,13.0
1767115286.736213,0.0687,0,51.0,0.2334,38.0,-0.1647,13.0
1767115286.7690532,0.0,0,51.0,0.2334,38.0,-0.2334,13.0
1767115286.800555,0.0251,0,51.0,0.2334,38.0,-0.2083,13.0
1767115286.8330398,0.0434,0,51.0,0.2334,38.0,-0.19,13.0
1767115286.863963,0.0917,0,51.0,0.2334,38.0,-0.1417,13.0
1767115286.8950088,0.1347,0,51.0,0.2334,38.0,-0.0987,13.0
1767115286.930624,0.1805,0,51.0,0.2334,38.0,-0.0529,13.0
1767115286.9795845,0.1969,0,51.0,0.2334,38.0,-0.0365,13.0
1767115287.0101113,0.2014,0,51.0,0.2334,38.0,-0.032,13.0
1767115287.039171,0.2175,1,52.0,0.2334,38.0,-0.0159,14.0
1767115287.0722218,0.2167,0,52.0,0.2334,38.0,-0.0167,14.0
1767115287.108931,0.2299,0,52.0,0.2334,38.0,-0.0035,14.0
1767115287.1368184,0.2299,0,52.0,0.2334,38.0,-0.0035,14.0
1767115287.1687644,0.2304,0,52.0,0.2334,38.0,-0.003,14.0
1767115287.2006216,0.225,0,52.0,0.2334,38.0,-0.0084,14.0
1767115287.240458,0.2352,0,52.0,0.2334,38.0,0.0018,14.0
1767115287.2713878,0.2308,0,52.0,0.2334,38.0,-0.0026,14.0
1767115287.3135695,0.2358,0,52.0,0.2334,38.0,0.0024,14.0
1767115287.3421803,0.2358,0,52.0,0.2334,38.0,0.0024,14.0
1767115287.3749886,0.2191,0,52.0,0.2334,38.0,-0.0143,14.0
1767115287.4056807,0.2366,0,52.0,0.2334,38.0,0.0032,14.0
1767115287.4415338,0.2371,0,52.0,0.2334,38.0,0.0037,14.0
1767115287.4696343,0.2387,0,52.0,0.2334,38.0,0.0053,14.0
1767115287.5043912,0.2438,0,52.0,0.2334,38.0,0.0104,14.0
1767115287.5355756,0.2552,0,52.0,0.2334,38.0,0.0218,14.0
1767115287.568109,0.2514,0,52.0,0.2334,38.0,0.018,14.0
1767115287.601419,0.2568,0,52.0,0.2334,38.0,0.0234,14.0
1767115287.6554184,0.2455,0,52.0,0.2334,38.0,0.0121,14.0
1767115287.6843538,0.2363,0,52.0,0.2334,38.0,0.0029,14.0
1767115287.7112837,0.2513,0,52.0,0.2334,38.0,0.0179,14.0
1767115287.743224,0.2449,0,52.0,0.2334,38.0,0.0115,14.0
1767115287.7773094,0.2424,0,52.0,0.2334,38.0,0.009,14.0
1767115287.8057203,0.2504,0,52.0,0.2334,38.0,0.017,14.0
1767115287.8406646,0.2396,0,52.0,0.2334,38.0,0.0062,14.0
1767115287.8704138,0.2371,0,52.0,0.2334,38.0,0.0037,14.0
1767115287.910547,0.2396,0,52.0,0.2334,38.0,0.0062,14.0
1767115287.936136,0.2422,0,52.0,0.2334,38.0,0.0088,14.0
1767115287.9859552,0.2371,0,52.0,0.2334,38.0,0.0037,14.0
1767115288.0170255,0.2456,0,52.0,0.2334,38.0,0.0122,14.0
1767115288.04703,0.2405,0,52.0,0.2334,38.0,0.0071,14.0
1767115288.0814693,0.2504,0,52.0,0.2334,38.0,0.017,14.0
1767115288.1135244,0.2449,0,52.0,0.2334,38.0,0.0115,14.0
1767115288.1454625,0.2571,0,52.0,0.2334,38.0,0.0237,14.0
1767115288.1785965,0.2449,0,52.0,0.2334,38.0,0.0115,14.0
1767115288.2094364,0.2346,0,52.0,0.2334,38.0,0.0012,14.0
1767115288.2417245,0.2299,0,52.0,0.2334,38.0,-0.0035,14.0
1767115288.272682,0.2299,0,52.0,0.2334,38.0,-0.0035,14.0
1767115288.3247645,0.2291,0,52.0,0.2334,38.0,-0.0043,14.0
1767115288.354649,0.2411,0,52.0,0.2334,38.0,0.0077,14.0
1767115288.374209,0.2411,0,52.0,0.2334,38.0,0.0077,14.0
1767115288.4180844,0.2363,0,51.0,0.2334,38.0,0.0029,13.0
1767115288.450317,0.2449,0,51.0,0.2334,38.0,0.0115,13.0
1767115288.4817932,0.2398,0,51.0,0.2334,38.0,0.0064,13.0
1767115288.5156426,0.2352,0,51.0,0.2334,38.0,0.0018,13.0
1767115288.5457926,0.2561,0,51.0,0.2334,38.0,0.0227,13.0
1767115288.5790305,0.2396,0,51.0,0.2334,38.0,0.0062,13.0
1767115288.608809,0.2371,0,51.0,0.2334,38.0,0.0037,13.0
1767115288.6589243,0.2504,0,51.0,0.2334,38.0,0.017,13.0
1767115288.6891289,0.2449,0,51.0,0.2334,38.0,0.0115,13.0
1767115288.7067988,0.2449,0,51.0,0.2334,38.0,0.0115,13.0
1767115288.734997,0.2449,0,51.0,0.2334,38.0,0.0115,13.0
1767115288.750974,0.2479,0,51.0,0.2334,38.0,0.0145,13.0
1767115288.8244348,0.2557,0,51.0,0.2334,38.0,0.0223,13.0
1767115288.8478584,0.2407,0,51.0,0.2334,38.0,0.0073,13.0
1767115288.8809266,0.2601,0,51.0,0.2334,38.0,0.0267,13.0
1767115288.9132156,0.2613,0,51.0,0.2334,38.0,0.0279,13.0
1767115288.9451818,0.2597,0,51.0,0.2334,38.0,0.0263,13.0
1767115288.9960608,0.2546,0,51.0,0.2334,38.0,0.0212,13.0
1767115289.026682,0.2495,0,51.0,0.2334,38.0,0.0161,13.0
1767115289.045408,0.2495,0,51.0,0.2334,38.0,0.0161,13.0
1767115289.0673978,0.2398,0,51.0,0.2334,38.0,0.0064,13.0
1767115289.0862987,0.2708,0,51.0,0.2334,38.0,0.0374,13.0
1767115289.1315787,0.251,0,51.0,0.2334,38.0,0.0176,13.0
1767115289.1530821,0.2458,0,51.0,0.2334,38.0,0.0124,13.0
1767115289.186534,0.2698,0,51.0,0.2334,38.0,0.0364,13.0
1767115289.2521229,0.2444,0,51.0,0.2334,38.0,0.011,13.0
1767115289.2797322,0.2455,0,51.0,0.2334,38.0,0.0121,13.0
1767115289.3357248,0.2659,0,51.0,0.2334,38.0,0.0325,13.0
1767115289.366053,0.2501,0,51.0,0.2334,38.0,0.0167,13.0
1767115289.3842413,0.2501,0,51.0,0.2334,38.0,0.0167,13.0
1767115289.4046612,0.242,0,51.0,0.2334,38.0,0.0086,13.0
1767115289.4248455,0.251,0,51.0,0.2334,38.0,0.0176,13.0
1767115289.4588995,0.2474,0,51.0,0.2334,38.0,0.014,13.0
1767115289.4900827,0.2658,0,51.0,0.2334,38.0,0.0324,13.0
1767115289.5231597,0.2513,0,51.0,0.2334,38.0,0.0179,13.0
1767115289.551854,0.2698,0,51.0,0.2334,38.0,0.0364,13.0
1767115289.587759,0.2596,0,51.0,0.2334,38.0,0.0262,13.0
1767115289.6710548,0.2607,0,51.0,0.2334,38.0,0.0273,13.0
1767115289.6966977,0.2555,0,51.0,0.2334,38.0,0.0221,13.0
1767115289.716382,0.2555,0,51.0,0.2334,38.0,0.0221,13.0
1767115289.730307,0.2543,0,51.0,0.2334,38.0,0.0209,13.0
1767115289.7591572,0.2396,0,51.0,0.2334,38.0,0.0062,13.0
1767115289.7943568,0.2549,0,51.0,0.2334,38.0,0.0215,13.0
1767115289.8232944,0.2348,0,51.0,0.2334,38.0,0.0014,13.0
1767115289.859004,0.2449,0,51.0,0.2334,38.0,0.0115,13.0
1767115289.890713,0.2341,0,51.0,0.2334,38.0,0.0007,13.0
1767115289.9257033,0.2456,0,51.0,0.2334,38.0,0.0122,13.0
1767115289.9519992,0.2513,0,51.0,0.2334,38.0,0.0179,13.0
1767115290.004579,0.2456,0,51.0,0.2334,38.0,0.0122,13.0
1767115290.0325577,0.2382,0,51.0,0.2334,38.0,0.0048,13.0
1767115290.0670645,0.1952,0,51.0,0.2334,38.0,-0.0382,13.0
1767115290.119513,0.1696,0,51.0,0.2334,38.0,-0.0638,13.0
1767115290.1440027,0.191,0,51.0,0.2334,38.0,-0.0424,13.0
1767115290.1738641,0.2103,1,52.0,0.2334,38.0,-0.0231,14.0
1767115290.1905348,0.2055,0,52.0,0.2334,38.0,-0.0279,14.0
1767115290.2249823,0.2169,0,52.0,0.2334,38.0,-0.0165,14.0
1767115290.256573,0.2555,0,52.0,0.2334,38.0,0.0221,14.0
1767115290.2885876,0.2371,0,52.0,0.2334,38.0,0.0037,14.0
1767115290.343943,0.2501,0,52.0,0.2334,38.0,0.0167,14.0
1767115290.3863075,0.2371,0,52.0,0.2334,38.0,0.0037,14.0
1767115290.4136202,0.2377,0,52.0,0.2334,38.0,0.0043,14.0
1767115290.434756,0.2552,0,52.0,0.2334,38.0,0.0218,14.0
1767115290.4659028,0.2552,0,52.0,0.2334,38.0,0.0218,14.0
1767115290.497961,0.2435,0,52.0,0.2334,38.0,0.0101,14.0
1767115290.527735,0.2278,0,52.0,0.2334,38.0,-0.0056,14.0
1767115290.5619926,0.2407,0,52.0,0.2334,38.0,0.0073,14.0
1767115290.593985,0.2504,0,52.0,0.2334,38.0,0.017,14.0
1767115290.6266825,0.2464,0,52.0,0.2334,38.0,0.013,14.0
1767115290.6804638,0.2449,0,52.0,0.2334,38.0,0.0115,14.0
1767115290.7083163,0.247,0,52.0,0.2334,38.0,0.0136,14.0
1767115290.736907,0.2372,0,52.0,0.2334,38.0,0.0038,14.0
1767115290.7719572,0.2396,0,52.0,0.2334,38.0,0.0062,14.0
1767115290.8026905,0.2449,0,52.0,0.2334,38.0,0.0115,14.0
1767115290.835391,0.2396,0,52.0,0.2334,38.0,0.0062,14.0
1767115290.8670263,0.2396,0,52.0,0.2334,38.0,0.0062,14.0
1767115290.8972998,0.2458,0,52.0,0.2334,38.0,0.0124,14.0
1767115290.9324505,0.2449,0,52.0,0.2334,38.0,0.0115,14.0
1767115290.9582965,0.2449,0,52.0,0.2334,38.0,0.0115,14.0
1767115291.0155284,0.2442,0,52.0,0.2334,38.0,0.0108,14.0
1767115291.0425732,0.266,0,52.0,0.2334,38.0,0.0326,14.0
1767115291.0709038,0.264,0,52.0,0.2334,38.0,0.0306,14.0
1767115291.1046638,0.2561,0,52.0,0.2334,38.0,0.0227,14.0
1767115291.1352062,0.2608,0,52.0,0.2334,38.0,0.0274,14.0
1767115291.1673229,0.2659,0,52.0,0.2334,38.0,0.0325,14.0
1767115291.2038863,0.2655,0,52.0,0.2334,38.0,0.0321,14.0
1767115291.2333415,0.2463,0,51.0,0.2334,38.0,0.0129,13.0
1767115291.2682023,0.2458,0,51.0,0.2334,38.0,0.0124,13.0
1767115291.2942739,0.2504,0,51.0,0.2334,38.0,0.017,13.0
1767115291.347909,0.2601,0,51.0,0.2334,38.0,0.0267,13.0
1767115291.3772645,0.261,0,51.0,0.2334,38.0,0.0276,13.0
1767115291.407046,0.2366,0,51.0,0.2334,38.0,0.0032,13.0
1767115291.4430215,0.2376,0,51.0,0.2334,38.0,0.0042,13.0
1767115291.4753668,0.2504,0,51.0,0.2334,38.0,0.017,13.0
1767115291.5054474,0.2587,0,51.0,0.2334,38.0,0.0253,13.0
1767115291.5356395,0.2424,0,51.0,0.2334,38.0,0.009,13.0
1767115291.5661101,0.2464,0,51.0,0.2334,38.0,0.013,13.0
1767115291.6000361,0.2561,0,51.0,0.2334,38.0,0.0227,13.0
1767115291.6314242,0.2504,0,51.0,0.2334,38.0,0.017,13.0
1767115291.6836448,0.2567,0,51.0,0.2334,38.0,0.0233,13.0
1767115291.7142587,0.2561,0,51.0,0.2334,38.0,0.0227,13.0
1767115291.742482,0.2567,0,51.0,0.2334,38.0,0.0233,13.0
1767115291.7770267,0.2546,0,51.0,0.2334,38.0,0.0212,13.0
1767115291.8082101,0.2659,0,51.0,0.2334,38.0,0.0325,13.0
1767115291.8406336,0.2615,0,51.0,0.2334,38.0,0.0281,13.0
1767115291.8763237,0.2659,0,51.0,0.2334,38.0,0.0325,13.0
1767115291.9038966,0.2561,0,51.0,0.2334,38.0,0.0227,13.0
1767115291.9401314,0.2458,0,51.0,0.2334,38.0,0.0124,13.0
1767115291.969561,0.2561,0,51.0,0.2334,38.0,0.0227,13.0
1767115292.022781,0.2352,0,51.0,0.2334,38.0,0.0018,13.0
1767115292.050082,0.2464,0,51.0,0.2334,38.0,0.013,13.0
1767115292.0776744,0.2458,0,51.0,0.2334,38.0,0.0124,13.0
1767115292.1127255,0.2308,0,51.0,0.2334,38.0,-0.0026,13.0
1767115292.1448886,0.2361,0,51.0,0.2334,38.0,0.0027,13.0
1767115292.1766279,0.2352,0,51.0,0.2334,38.0,0.0018,13.0
1767115292.2097347,0.2345,0,51.0,0.2334,38.0,0.0011,13.0
1767115292.2433746,0.2361,0,51.0,0.2334,38.0,0.0027,13.0
1767115292.2790203,0.2352,0,51.0,0.2334,38.0,0.0018,13.0
1767115292.3060234,0.2538,0,51.0,0.2334,38.0,0.0204,13.0
1767115292.357419,0.2352,0,51.0,0.2334,38.0,0.0018,13.0
1767115292.3859735,0.2299,0,51.0,0.2334,38.0,-0.0035,13.0
1767115292.404705,0.2299,0,51.0,0.2334,38.0,-0.0035,13.0
1767115292.4549637,0.2359,0,51.0,0.2334,38.0,0.0025,13.0
1767115292.4815657,0.2407,0,51.0,0.2334,38.0,0.0073,13.0
1767115292.5144346,0.2363,0,51.0,0.2334,38.0,0.0029,13.0
1767115292.5436745,0.2269,0,51.0,0.2334,38.0,-0.0065,13.0
1767115292.5792613,0.2255,0,51.0,0.2334,38.0,-0.0079,13.0
1767115292.609766,0.24,0,51.0,0.2334,38.0,0.0066,13.0
1767115292.643891,0.242,0,51.0,0.2334,38.0,0.0086,13.0
1767115292.6921172,0.2398,0,51.0,0.2334,38.0,0.0064,13.0
1767115292.7187555,0.2444,0,51.0,0.2334,38.0,0.011,13.0
1767115292.7370589,0.2444,0,51.0,0.2334,38.0,0.011,13.0
1767115292.7683852,0.2398,0,51.0,0.2334,38.0,0.0064,13.0
1767115292.824843,0.2622,0,51.0,0.2334,38.0,0.0288,13.0
1767115292.8569236,0.251,0,51.0,0.2334,38.0,0.0176,13.0
1767115292.8792686,0.2337,0,51.0,0.2334,38.0,0.0003,13.0
1767115292.9136837,0.2389,0,51.0,0.2334,38.0,0.0055,13.0
1767115292.9470417,0.2501,0,51.0,0.2334,38.0,0.0167,13.0
1767115292.97641,0.2453,0,51.0,0.2334,38.0,0.0119,13.0
1767115293.0261552,0.2389,0,51.0,0.2334,38.0,0.0055,13.0
1767115293.0571492,0.251,0,51.0,0.2334,38.0,0.0176,13.0
1767115293.0736434,0.251,0,51.0,0.2334,38.0,0.0176,13.0
1767115293.101273,0.2474,0,51.0,0.2334,38.0,0.014,13.0
1767115293.1190999,0.2398,0,51.0,0.2334,38.0,0.0064,13.0
1767115293.1580884,0.2352,0,51.0,0.2334,38.0,0.0018,13.0
1767115293.1953514,0.2343,0,51.0,0.2334,38.0,0.0009,13.0
1767115293.2519364,0.2231,0,51.0,0.2334,38.0,-0.0103,13.0
1767115293.2825267,0.2156,0,51.0,0.2334,38.0,-0.0178,13.0
1767115293.311869,0.2343,0,51.0,0.2334,38.0,0.0009,13.0
1767115293.3615217,0.2343,0,51.0,0.2334,38.0,0.0009,13.0
1767115293.3910446,0.2239,0,51.0,0.2334,38.0,-0.0095,13.0
1767115293.4101295,0.2239,0,51.0,0.2334,38.0,-0.0095,13.0
1767115293.431781,0.2319,0,51.0,0.2334,38.0,-0.0015,13.0
1767115293.4548883,0.2277,0,51.0,0.2334,38.0,-0.0057,13.0
1767115293.4897,0.2308,0,51.0,0.2334,38.0,-0.0026,13.0
1767115293.5210288,0.2449,0,51.0,0.2334,38.0,0.0115,13.0
1767115293.5582988,0.2464,0,51.0,0.2334,38.0,0.013,13.0
1767115293.5837789,0.242,0,51.0,0.2334,38.0,0.0086,13.0
1767115293.6507554,0.2474,0,51.0,0.2334,38.0,0.014,13.0
1767115293.6989403,0.2501,0,51.0,0.2334,38.0,0.0167,13.0
1767115293.7321105,0.2407,0,51.0,0.2334,38.0,0.0073,13.0
1767115293.7503414,0.2407,0,51.0,0.2334,38.0,0.0073,13.0
1767115293.772797,0.266,0,51.0,0.2334,38.0,0.0326,13.0
1767115293.7935164,0.2558,0,51.0,0.2334,38.0,0.0224,13.0
1767115293.8280468,0.2501,0,51.0,0.2334,38.0,0.0167,13.0
1767115293.8593204,0.2399,0,50.0,0.2334,38.0,0.0065,12.0
1767115293.888516,0.2455,0,50.0,0.2334,38.0,0.0121,12.0
1767115293.9201567,0.2455,0,50.0,0.2334,38.0,0.0121,12.0
1767115293.95462,0.2495,0,50.0,0.2334,38.0,0.0161,12.0
1767115293.9853039,0.2495,0,50.0,0.2334,38.0,0.0161,12.0
1767115294.0714564,0.1106,0,50.0,0.2334,38.0,-0.1228,12.0
1767115294.0878632,0.1106,0,50.0,0.2334,38.0,-0.1228,12.0
1767115294.1098917,0.0452,0,50.0,0.2334,38.0,-0.1882,12.0
1767115294.126921,0.0473,0,50.0,0.2334,38.0,-0.1861,12.0
1767115294.1646879,0.0656,0,50.0,0.2334,38.0,-0.1678,12.0
1767115294.1939232,0.1313,0,50.0,0.2334,38.0,-0.1021,12.0
1767115294.2239003,0.1784,0,50.0,0.2334,38.0,-0.055,12.0
1767115294.258366,0.1878,0,50.0,0.2334,38.0,-0.0456,12.0
1767115294.2875366,0.1983,0,50.0,0.2334,38.0,-0.0351,12.0
1767115294.320796,0.2091,0,50.0,0.2334,38.0,-0.0243,12.0
1767115294.3718524,0.2341,1,51.0,0.2334,38.0,0.0007,13.0
1767115294.405945,0.2328,0,51.0,0.2334,38.0,-0.0006,13.0
1767115294.4321704,0.2184,0,51.0,0.2334,38.0,-0.015,13.0
1767115294.4626055,0.2415,0,51.0,0.2334,38.0,0.0081,13.0
1767115294.4967988,0.2398,0,51.0,0.2334,38.0,0.0064,13.0
1767115294.5296102,0.2495,0,51.0,0.2334,38.0,0.0161,13.0
1767115294.5636127,0.2513,0,51.0,0.2334,38.0,0.0179,13.0
1767115294.5922387,0.2479,0,50.0,0.2334,38.0,0.0145,12.0
1767115294.6282587,0.2495,0,50.0,0.2334,38.0,0.0161,12.0
1767115294.6587455,0.2363,0,50.0,0.2334,38.0,0.0029,12.0
1767115294.7064567,0.2449,0,50.0,0.2334,38.0,0.0115,12.0
1767115294.7366154,0.247,0,50.0,0.2334,38.0,0.0136,12.0
1767115294.772867,0.2314,0,50.0,0.2334,38.0,-0.002,12.0
1767115294.801739,0.2398,0,50.0,0.2334,38.0,0.0064,12.0
1767115294.8357503,0.2291,0,50.0,0.2334,38.0,-0.0043,12.0
1767115294.8637311,0.2495,0,50.0,0.2334,38.0,0.0161,12.0
1767115294.8988326,0.2448,0,50.0,0.2334,38.0,0.0114,12.0
1767115294.928487,0.2464,0,50.0,0.2334,38.0,0.013,12.0
1767115294.961213,0.2435,0,50.0,0.2334,38.0,0.0101,12.0
1767115294.993544,0.2576,0,50.0,0.2334,38.0,0.0242,12.0
1767115295.0416818,0.2464,0,50.0,0.2334,38.0,0.013,12.0
1767115295.0742629,0.2571,0,50.0,0.2334,38.0,0.0237,12.0
1767115295.1054273,0.2464,0,50.0,0.2334,38.0,0.013,12.0
1767115295.1399143,0.2407,0,50.0,0.2334,38.0,0.0073,12.0
1767115295.1709917,0.2334,0,50.0,0.2334,38.0,0.0,12.0
1767115295.2010913,0.2352,0,50.0,0.2334,38.0,0.0018,12.0
1767115295.2299597,0.2352,0,50.0,0.2334,38.0,0.0018,12.0
1767115295.2647967,0.2464,0,50.0,0.2334,38.0,0.013,12.0
1767115295.300001,0.2361,0,50.0,0.2334,38.0,0.0027,12.0
1767115295.3265824,0.2322,0,50.0,0.2334,38.0,-0.0012,12.0
1767115295.3846421,0.2352,0,50.0,0.2334,38.0,0.0018,12.0
1767115295.4110026,0.2352,0,50.0,0.2334,38.0,0.0018,12.0
1767115295.446058,0.2352,0,50.0,0.2334,38.0,0.0018,12.0
1767115295.4721773,0.2504,0,50.0,0.2334,38.0,0.017,12.0
1767115295.5078452,0.2352,0,50.0,0.2334,38.0,0.0018,12.0
1767115295.5380023,0.2315,0,49.0,0.2334,38.0,-0.0019,11.0
1767115295.5668736,0.2416,0,49.0,0.2334,38.0,0.0082,11.0
1767115295.5991611,0.2464,0,49.0,0.2334,38.0,0.013,11.0
1767115295.6302388,0.244,0,49.0,0.2334,38.0,0.0106,11.0
1767115295.6625144,0.2352,0,49.0,0.2334,38.0,0.0018,11.0
1767115295.71666,0.2397,0,49.0,0.2334,38.0,0.0063,11.0
1767115295.746208,0.2407,0,49.0,0.2334,38.0,0.0073,11.0
1767115295.7768254,0.2451,0,49.0,0.2334,38.0,0.0117,11.0
1767115295.8096876,0.2407,0,49.0,0.2334,38.0,0.0073,11.0
1767115295.8426304,0.2286,0,49.0,0.2334,38.0,-0.0048,11.0
1767115295.873202,0.231,0,49.0,0.2334,38.0,-0.0024,11.0
1767115295.9057367,0.2352,0,49.0,0.2334,38.0,0.0018,11.0
1767115295.9385655,0.2299,0,49.0,0.2334,38.0,-0.0035,11.0
1767115295.9709728,0.2416,0,49.0,0.2334,38.0,0.0082,11.0
1767115296.001618,0.2308,0,49.0,0.2334,38.0,-0.0026,11.0
1767115296.053654,0.2407,0,49.0,0.2334,38.0,0.0073,11.0
1767115296.0800304,0.2292,0,48.0,0.2334,38.0,-0.0042,10.0
1767115296.1146204,0.2119,0,48.0,0.2334,38.0,-0.0215,10.0
1767115296.143769,0.2402,0,48.0,0.2334,38.0,0.0068,10.0
1767115296.1804526,0.2352,0,48.0,0.2334,38.0,0.0018,10.0
1767115296.2084234,0.2363,0,48.0,0.2334,38.0,0.0029,10.0
1767115296.2415762,0.248,0,48.0,0.2334,38.0,0.0146,10.0
1767115296.2716794,0.2291,0,48.0,0.2334,38.0,-0.0043,10.0
1767115296.307711,0.2407,0,48.0,0.2334,38.0,0.0073,10.0
1767115296.3402112,0.2561,0,48.0,0.2334,38.0,0.0227,10.0
1767115296.394527,0.2593,0,48.0,0.2334,38.0,0.0259,10.0
1767115296.4367537,0.2396,0,48.0,0.2334,38.0,0.0062,10.0
1767115296.461423,0.2495,0,48.0,0.2334,38.0,0.0161,10.0
1767115296.4808116,0.2398,0,48.0,0.2334,38.0,0.0064,10.0
1767115296.5128036,0.2495,0,48.0,0.2334,38.0,0.0161,10.0
1767115296.5454051,0.2601,0,48.0,0.2334,38.0,0.0267,10.0
1767115296.5790977,0.2601,0,48.0,0.2334,38.0,0.0267,10.0
1767115296.6112232,0.2299,0,48.0,0.2334,38.0,-0.0035,10.0
1767115296.6422615,0.2407,0,48.0,0.2334,38.0,0.0073,10.0
1767115296.6726744,0.2718,0,48.0,0.2334,38.0,0.0384,10.0
1767115296.722863,0.2561,0,48.0,0.2334,38.0,0.0227,10.0
1767115296.7498162,0.2797,0,48.0,0.2334,38.0,0.0463,10.0
1767115296.7632697,0.2797,0,48.0,0.2334,38.0,0.0463,10.0
1767115296.8177233,0.2847,0,48.0,0.2334,38.0,0.0513,10.0
1767115296.8498924,0.2649,0,48.0,0.2334,38.0,0.0315,10.0
1767115296.8775554,0.2596,0,48.0,0.2334,38.0,0.0262,10.0
1767115296.914078,0.2481,0,48.0,0.2334,38.0,0.0147,10.0
1767115296.9461405,0.2513,0,48.0,0.2334,38.0,0.0179,10.0
1767115296.9781039,0.2488,0,48.0,0.2334,38.0,0.0154,10.0
1767115297.0101366,0.2527,0,48.0,0.2334,38.0,0.0193,10.0
1767115297.063118,0.2504,0,48.0,0.2334,38.0,0.017,10.0
1767115297.0950832,0.2777,0,48.0,0.2334,38.0,0.0443,10.0
1767115297.109349,0.2777,0,48.0,0.2334,38.0,0.0443,10.0
1767115297.123872,0.2394,0,48.0,0.2334,38.0,0.006,10.0
1767115297.149601,0.2423,0,48.0,0.2334,38.0,0.0089,10.0
1767115297.2153661,0.2515,0,48.0,0.2334,38.0,0.0181,10.0
1767115297.2462823,0.2621,0,48.0,0.2334,38.0,0.0287,10.0
1767115297.277323,0.2678,0,48.0,0.2334,38.0,0.0344,10.0
1767115297.3120537,0.2587,0,48.0,0.2334,38.0,0.0253,10.0
1767115297.342768,0.2439,0,48.0,0.2334,38.0,0.0105,10.0
1767115297.3908856,0.2455,0,48.0,0.2334,38.0,0.0121,10.0
1767115297.4289029,0.257,0,48.0,0.2334,38.0,0.0236,10.0
1767115297.4498866,0.257,0,48.0,0.2334,38.0,0.0236,10.0
1767115297.4677238,0.235,0,48.0,0.2334,38.0,0.0016,10.0
1767115297.486906,0.2323,0,48.0,0.2334,38.0,-0.0011,10.0
1767115297.5216517,0.2618,0,48.0,0.2334,38.0,0.0284,10.0
1767115297.5537884,0.2619,0,48.0,0.2334,38.0,0.0285,10.0
1767115297.583153,0.2385,0,48.0,0.2334,38.0,0.0051,10.0
1767115297.6508527,0.2392,0,48.0,0.2334,38.0,0.0058,10.0
1767115297.6824503,0.1043,0,48.0,0.2334,38.0,-0.1291,10.0
1767115297.7313807,0.0464,0,48.0,0.2334,38.0,-0.187,10.0
1767190578.5871744,0.2323,0,114.0,0.1921,114.0,0.0402,0.0
1767190578.618869,0.2441,0,114.0,0.1921,114.0,0.052,0.0
1767190578.646555,0.2441,0,114.0,0.1921,114.0,0.052,0.0
1767190578.6830442,0.2468,0,114.0,0.1921,114.0,0.0547,0.0
1767190578.7140527,0.25,0,114.0,0.1921,114.0,0.0579,0.0
1767190578.7792923,0.2524,0,114.0,0.1921,114.0,0.0603,0.0
1767190578.8092773,0.2524,0,114.0,0.1921,114.0,0.0603,0.0
1767190578.841274,0.2395,0,114.0,0.1921,114.0,0.0474,0.0
1767190578.8638213,0.2395,0,114.0,0.1921,114.0,0.0474,0.0
1767190578.9002306,0.2566,0,114.0,0.1921,114.0,0.0645,0.0
1767190578.9349446,0.2465,0,114.0,0.1921,114.0,0.0544,0.0
1767190578.9594564,0.2465,0,114.0,0.1921,114.0,0.0544,0.0
1767190578.9874327,0.2277,0,114.0,0.1921,114.0,0.0356,0.0
1767190579.0211515,0.2294,0,114.0,0.1921,114.0,0.0373,0.0
1767190579.052425,0.2294,0,114.0,0.1921,114.0,0.0373,0.0
1767190579.0798101,0.2291,0,114.0,0.1921,114.0,0.037,0.0
1767190579.1267278,0.2367,0,114.0,0.1921,114.0,0.0446,0.0
1767190579.1487868,0.2367,0,114.0,0.1921,114.0,0.0446,0.0
1767190579.17539,0.2279,0,114.0,0.1921,114.0,0.0358,0.0
1767190579.2219908,0.2273,0,114.0,0.1921,114.0,0.0352,0.0
1767190579.2565575,0.2273,0,114.0,0.1921,114.0,0.0352,0.0
1767190579.2780309,0.2379,0,114.0,0.1921,114.0,0.0458,0.0
1767190579.320298,0.2192,0,114.0,0.1921,114.0,0.0271,0.0
1767190579.3410478,0.2192,0,114.0,0.1921,114.0,0.0271,0.0
1767190579.380947,0.2379,0,114.0,0.1921,114.0,0.0458,0.0
1767190579.4332957,0.2301,0,114.0,0.1921,114.0,0.038,0.0
1767190579.4653494,0.2301,0,114.0,0.1921,114.0,0.038,0.0
1767190579.48934,0.238,0,114.0,0.1921,114.0,0.0459,0.0
1767190579.5265474,0.2165,0,114.0,0.1921,114.0,0.0244,0.0
1767190579.5536902,0.2165,0,114.0,0.1921,114.0,0.0244,0.0
1767190579.5786004,0.2352,0,114.0,0.1921,114.0,0.0431,0.0
1767190579.6202059,0.2596,0,114.0,0.1921,114.0,0.0675,0.0
1767190579.643048,0.2596,0,114.0,0.1921,114.0,0.0675,0.0
1767190579.6868572,0.234,0,114.0,0.1921,114.0,0.0419,0.0
1767190579.7347329,0.2385,0,114.0,0.1921,114.0,0.0464,0.0
1767190579.756016,0.2385,0,114.0,0.1921,114.0,0.0464,0.0
1767190579.7984686,0.2384,0,114.0,0.1921,114.0,0.0463,0.0
1767190579.8269818,0.2384,0,114.0,0.1921,114.0,0.0463,0.0
1767190579.8743365,0.2452,0,114.0,0.1921,114.0,0.0531,0.0
1767190579.904416,0.2512,0,114.0,0.1921,114.0,0.0591,0.0
1767190579.9394536,0.2512,0,114.0,0.1921,114.0,0.0591,0.0
1767190579.9611647,0.2487,0,114.0,0.1921,114.0,0.0566,0.0
1767190579.995878,0.2458,0,114.0,0.1921,114.0,0.0537,0.0
1767190580.0435638,0.2674,0,114.0,0.1921,114.0,0.0753,0.0
1767190580.080862,0.2674,0,114.0,0.1921,114.0,0.0753,0.0
1767190580.1020114,0.275,0,114.0,0.1921,114.0,0.0829,0.0
1767190580.1250796,0.275,0,114.0,0.1921,114.0,0.0829,0.0
1767190580.1531897,0.2696,0,114.0,0.1921,114.0,0.0775,0.0
1767190580.1839747,0.2681,0,114.0,0.1921,114.0,0.076,0.0
1767190580.218124,0.2681,0,114.0,0.1921,114.0,0.076,0.0
1767190580.2428164,0.2681,0,114.0,0.1921,114.0,0.076,0.0
1767190580.2949612,0.271,0,114.0,0.1921,114.0,0.0789,0.0
1767190580.315742,0.271,0,114.0,0.1921,114.0,0.0789,0.0
1767190580.3612964,0.2722,0,114.0,0.1921,114.0,0.0801,0.0
1767190580.3936405,0.2569,0,114.0,0.1921,114.0,0.0648,0.0
1767190580.438122,0.2569,0,114.0,0.1921,114.0,0.0648,0.0
1767190580.4589837,0.2606,0,114.0,0.1921,114.0,0.0685,0.0
1767190580.4858303,0.2564,0,114.0,0.1921,114.0,0.0643,0.0
1767190580.5203547,0.2564,0,114.0,0.1921,114.0,0.0643,0.0
1767190580.5452313,0.2113,0,114.0,0.1921,114.0,0.0192,0.0
1767190580.5954483,0.2246,0,114.0,0.1921,114.0,0.0325,0.0
1767190580.6230907,0.2246,0,114.0,0.1921,114.0,0.0325,0.0
1767190580.649735,0.234,0,114.0,0.1921,114.0,0.0419,0.0
1767190580.6909955,0.234,0,114.0,0.1921,114.0,0.0419,0.0
1767190580.715798,0.234,0,114.0,0.1921,114.0,0.0419,0.0
1767190580.7427673,0.2482,0,114.0,0.1921,114.0,0.0561,0.0
1767190580.7927048,0.2569,0,114.0,0.1921,114.0,0.0648,0.0
1767190580.8216858,0.2569,0,114.0,0.1921,114.0,0.0648,0.0
1767190580.8483555,0.2279,0,114.0,0.1921,114.0,0.0358,0.0
1767190580.8885467,0.2361,0,114.0,0.1921,114.0,0.044,0.0
1767190580.9255872,0.2361,0,114.0,0.1921,114.0,0.044,0.0
1767190580.9589891,0.238,0,114.0,0.1921,114.0,0.0459,0.0
1767190580.9896715,0.238,0,114.0,0.1921,114.0,0.0459,0.0
1767190581.0235934,0.2369,0,114.0,0.1921,114.0,0.0448,0.0
1767190581.0490053,0.252,0,114.0,0.1921,114.0,0.0599,0.0
1767190581.0873158,0.252,0,114.0,0.1921,114.0,0.0599,0.0
1767190581.1127717,0.2356,0,114.0,0.1921,114.0,0.0435,0.0
1767190581.1421554,0.2281,0,114.0,0.1921,114.0,0.036,0.0
1767190581.1901402,0.2299,0,114.0,0.1921,114.0,0.0378,0.0
1767190581.2116632,0.2299,0,114.0,0.1921,114.0,0.0378,0.0
1767190581.2559612,0.2312,0,114.0,0.1921,114.0,0.0391,0.0
1767190581.3023198,0.2377,0,114.0,0.1921,114.0,0.0456,0.0
1767190581.336432,0.2377,0,114.0,0.1921,114.0,0.0456,0.0
1767190581.3622968,0.2269,0,114.0,0.1921,114.0,0.0348,0.0
1767190581.3896334,0.2269,0,114.0,0.1921,114.0,0.0348,0.0
1767190581.4162316,0.2436,0,114.0,0.1921,114.0,0.0515,0.0
1767190581.4456468,0.2349,0,114.0,0.1921,114.0,0.0428,0.0
1767190581.472516,0.2349,0,114.0,0.1921,114.0,0.0428,0.0
1767190581.4937289,0.2312,0,114.0,0.1921,114.0,0.0391,0.0
1767190581.5643163,0.2318,0,114.0,0.1921,114.0,0.0397,0.0
1767190581.6050088,0.2356,0,114.0,0.1921,114.0,0.0435,0.0
1767190581.6392272,0.2356,0,114.0,0.1921,114.0,0.0435,0.0
1767190581.6773243,0.239,0,114.0,0.1921,114.0,0.0469,0.0
1767190581.7198293,0.239,0,114.0,0.1921,114.0,0.0469,0.0
1767190581.7598145,0.2432,0,114.0,0.1921,114.0,0.0511,0.0
1767190581.7893806,0.2348,0,114.0,0.1921,114.0,0.0427,0.0
1767190581.8118553,0.2348,0,114.0,0.1921,114.0,0.0427,0.0
1767190581.8325984,0.2351,0,114.0,0.1921,114.0,0.043,0.0
1767190581.8643231,0.2272,0,114.0,0.1921,114.0,0.0351,0.0
1767190581.8886504,0.2272,0,114.0,0.1921,114.0,0.0351,0.0
1767190581.9230382,0.2316,0,114.0,0.1921,114.0,0.0395,0.0
1767190581.9700632,0.2312,0,114.0,0.1921,114.0,0.0391,0.0
1767190581.9930496,0.2312,0,114.0,0.1921,114.0,0.0391,0.0
1767190582.0230963,0.2491,0,114.0,0.1921,114.0,0.057,0.0
1767190582.0572217,0.2186,0,114.0,0.1921,114.0,0.0265,0.0
1767190582.0954614,0.2186,0,114.0,0.1921,114.0,0.0265,0.0
1767190582.135398,0.0899,0,114.0,0.1921,114.0,-0.1022,0.0
1767190582.1724548,0.1222,0,114.0,0.1921,114.0,-0.0699,0.0
1767190582.2072453,0.1222,0,114.0,0.1921,114.0,-0.0699,0.0
1767190582.230502,0.2445,1,115.0,0.1921,114.0,0.0524,1.0
1767190582.260965,0.2445,0,115.0,0.1921,114.0,0.0524,1.0
1767190582.2857683,0.2596,0,115.0,0.1921,114.0,0.0675,1.0
1767190582.3189828,0.2508,0,115.0,0.1921,114.0,0.0587,1.0
1767190582.3635538,0.2457,0,115.0,0.1921,114.0,0.0536,1.0
1767190582.4015949,0.2457,0,115.0,0.1921,114.0,0.0536,1.0
1767190582.4391356,0.2632,0,115.0,0.1921,114.0,0.0711,1.0
1767190582.4760149,0.2711,0,115.0,0.1921,114.0,0.079,1.0
1767190582.5087214,0.2711,0,115.0,0.1921,114.0,0.079,1.0
1767190582.5349958,0.2671,0,115.0,0.1921,114.0,0.075,1.0
1767190582.5571558,0.2671,0,115.0,0.1921,114.0,0.075,1.0
1767190582.584223,0.2582,0,115.0,0.1921,114.0,0.0661,1.0
1767190582.616009,0.2632,0,115.0,0.1921,114.0,0.0711,1.0
1767190582.6758156,0.2632,0,115.0,0.1921,114.0,0.0711,1.0
1767190582.7061179,0.2587,0,115.0,0.1921,114.0,0.0666,1.0
1767190582.7473655,0.2507,0,115.0,0.1921,114.0,0.0586,1.0
1767190582.7790492,0.2628,0,115.0,0.1921,114.0,0.0707,1.0
1767190582.808231,0.2628,0,115.0,0.1921,114.0,0.0707,1.0
1767190582.8293147,0.2585,0,115.0,0.1921,114.0,0.0664,1.0
1767190582.8515482,0.2585,0,115.0,0.1921,114.0,0.0664,1.0
1767190582.877907,0.2698,0,115.0,0.1921,114.0,0.0777,1.0
1767190582.9191232,0.2623,0,115.0,0.1921,114.0,0.0702,1.0
1767190582.9503753,0.2623,0,115.0,0.1921,114.0,0.0702,1.0
1767190582.987755,0.2623,0,115.0,0.1921,114.0,0.0702,1.0
1767190583.0143402,0.2588,0,115.0,0.1921,114.0,0.0667,1.0
1767190583.0469415,0.2588,0,115.0,0.1921,114.0,0.0667,1.0
1767190583.0797904,0.2546,0,115.0,0.1921,114.0,0.0625,1.0
1767190583.1343164,0.265,0,115.0,0.1921,114.0,0.0729,1.0
1767190583.1685114,0.265,0,115.0,0.1921,114.0,0.0729,1.0
1767190583.1900673,0.2695,0,115.0,0.1921,114.0,0.0774,1.0
1767190583.2196963,0.0902,0,115.0,0.1921,114.0,-0.1019,1.0
1767190583.25964,0.0902,0,115.0,0.1921,114.0,-0.1019,1.0
1767190583.2869368,0.0759,0,115.0,0.1921,114.0,-0.1162,1.0
1767190583.3166614,0.2029,0,115.0,0.1921,114.0,0.0108,1.0
1767190583.3433213,0.2029,0,115.0,0.1921,114.0,0.0108,1.0
1767190583.3885844,0.2487,1,116.0,0.1921,114.0,0.0566,2.0
1767190583.4321284,0.2716,0,116.0,0.1921,114.0,0.0795,2.0
1767190583.469178,0.2716,0,116.0,0.1921,114.0,0.0795,2.0
1767190583.510739,0.2604,0,116.0,0.1921,114.0,0.0683,2.0
1767190583.5514245,0.2831,0,116.0,0.1921,114.0,0.091,2.0
1767190583.581624,0.2831,0,116.0,0.1921,114.0,0.091,2.0
1767190583.6200995,0.2759,0,116.0,0.1921,114.0,0.0838,2.0
1767190583.645579,0.2716,0,116.0,0.1921,114.0,0.0795,2.0
1767190583.6679637,0.2716,0,116.0,0.1921,114.0,0.0795,2.0
1767190583.6949675,0.2882,0,116.0,0.1921,114.0,0.0961,2.0
1767190583.7351232,0.2845,0,116.0,0.1921,114.0,0.0924,2.0
1767190583.7617915,0.2845,0,116.0,0.1921,114.0,0.0924,2.0
1767190583.802108,0.2674,0,116.0,0.1921,114.0,0.0753,2.0
1767190583.8333013,0.2674,0,116.0,0.1921,114.0,0.0753,2.0
1767190583.8709548,0.2765,0,116.0,0.1921,114.0,0.0844,2.0
1767190583.8948877,0.2845,0,116.0,0.1921,114.0,0.0924,2.0
1767190583.920052,0.2845,0,116.0,0.1921,114.0,0.0924,2.0
1767190583.944348,0.2752,0,116.0,0.1921,114.0,0.0831,2.0
1767190583.9891758,0.2604,0,116.0,0.1921,114.0,0.0683,2.0
1767190584.0381525,0.2478,0,116.0,0.1921,114.0,0.0557,2.0
1767190584.064736,0.2478,0,116.0,0.1921,114.0,0.0557,2.0
1767190584.097193,0.2425,0,116.0,0.1921,114.0,0.0504,2.0
1767190584.1299157,0.2425,0,116.0,0.1921,114.0,0.0504,2.0
1767190584.1527226,0.2447,0,116.0,0.1921,114.0,0.0526,2.0
1767190584.1826825,0.2401,0,116.0,0.1921,114.0,0.048,2.0
1767190584.2149343,0.2401,0,116.0,0.1921,114.0,0.048,2.0
1767190584.2366471,0.2435,0,116.0,0.1921,114.0,0.0514,2.0
1767190584.30066,0.235,0,116.0,0.1921,114.0,0.0429,2.0
1767190584.342327,0.2191,0,116.0,0.1921,114.0,0.027,2.0
1767190584.3799696,0.2191,0,116.0,0.1921,114.0,0.027,2.0
1767190584.4010785,0.223,0,116.0,0.1921,114.0,0.0309,2.0
1767190584.4325712,0.223,0,116.0,0.1921,114.0,0.0309,2.0
1767190584.459451,0.2343,0,116.0,0.1921,114.0,0.0422,2.0
1767190584.487126,0.2272,0,116.0,0.1921,114.0,0.0351,2.0
1767190584.5240068,0.2272,0,116.0,0.1921,114.0,0.0351,2.0
1767190584.548366,0.2351,0,116.0,0.1921,114.0,0.043,2.0
1767190584.6005378,0.2504,0,116.0,0.1921,114.0,0.0583,2.0
1767190584.6342173,0.2504,0,116.0,0.1921,114.0,0.0583,2.0
1767190584.6555812,0.2432,0,116.0,0.1921,114.0,0.0511,2.0
1767190584.680717,0.2432,0,116.0,0.1921,114.0,0.0511,2.0
1767190584.7009523,0.2656,0,116.0,0.1921,114.0,0.0735,2.0
1767190584.7395053,0.2737,0,116.0,0.1921,114.0,0.0816,2.0
1767190584.7907722,0.2742,0,116.0,0.1921,114.0,0.0821,2.0
1767190584.8156912,0.2742,0,116.0,0.1921,114.0,0.0821,2.0
1767190584.8392756,0.2759,0,116.0,0.1921,114.0,0.0838,2.0
1767190584.9038255,0.2438,0,116.0,0.1921,114.0,0.0517,2.0
1767190584.9319854,0.2438,0,116.0,0.1921,114.0,0.0517,2.0
1767190584.9680274,0.2419,0,116.0,0.1921,114.0,0.0498,2.0
1767190584.993898,0.2419,0,116.0,0.1921,114.0,0.0498,2.0
1767190585.015973,0.2787,0,116.0,0.1921,114.0,0.0866,2.0
1767190585.0447216,0.2679,0,116.0,0.1921,114.0,0.0758,2.0
1767190585.0788684,0.2679,0,116.0,0.1921,114.0,0.0758,2.0
1767190585.1041455,0.2674,0,116.0,0.1921,114.0,0.0753,2.0
1767190585.142883,0.2679,0,116.0,0.1921,114.0,0.0758,2.0
1767190585.2114487,0.279,0,116.0,0.1921,114.0,0.0869,2.0
1767190585.232627,0.279,0,116.0,0.1921,114.0,0.0869,2.0
1767190585.256102,0.284,0,116.0,0.1921,114.0,0.0919,2.0
1767190585.2966828,0.284,0,116.0,0.1921,114.0,0.0919,2.0
1767190585.3332882,0.2831,0,116.0,0.1921,114.0,0.091,2.0
1767190585.3543425,0.2594,0,116.0,0.1921,114.0,0.0673,2.0
1767190585.3831956,0.2594,0,116.0,0.1921,114.0,0.0673,2.0
1767190585.4038064,0.2487,0,116.0,0.1921,114.0,0.0566,2.0
1767190585.4476385,0.2405,0,116.0,0.1921,114.0,0.0484,2.0
1767190585.4746108,0.2405,0,116.0,0.1921,114.0,0.0484,2.0
1767190585.5076363,0.2516,0,116.0,0.1921,114.0,0.0595,2.0
1767190585.5571263,0.2538,0,116.0,0.1921,114.0,0.0617,2.0
1767190585.5847583,0.2538,0,116.0,0.1921,114.0,0.0617,2.0
1767190585.62769,0.2321,0,116.0,0.1921,114.0,0.04,2.0
1767190585.659021,0.2545,0,116.0,0.1921,114.0,0.0624,2.0
1767190585.67974,0.2545,0,116.0,0.1921,114.0,0.0624,2.0
1767190585.7085986,0.2559,0,116.0,0.1921,114.0,0.0638,2.0
1767190585.749824,0.2475,0,116.0,0.1921,114.0,0.0554,2.0
1767190585.7771554,0.2475,0,116.0,0.1921,114.0,0.0554,2.0
1767190585.8126693,0.2437,0,116.0,0.1921,114.0,0.0516,2.0
1767190585.8632822,0.2268,0,116.0,0.1921,114.0,0.0347,2.0
1767190585.8853512,0.2268,0,116.0,0.1921,114.0,0.0347,2.0
1767190585.9102516,0.248,0,116.0,0.1921,114.0,0.0559,2.0
1767190585.958747,0.2363,0,116.0,0.1921,114.0,0.0442,2.0
1767190585.9886863,0.2363,0,116.0,0.1921,114.0,0.0442,2.0
1767190586.024158,0.2293,0,116.0,0.1921,114.0,0.0372,2.0
1767190586.054559,0.2445,0,116.0,0.1921,114.0,0.0524,2.0
1767190586.0932553,0.2445,0,116.0,0.1921,114.0,0.0524,2.0
1767190586.117616,0.2664,0,116.0,0.1921,114.0,0.0743,2.0
1767190586.163875,0.2683,0,116.0,0.1921,114.0,0.0762,2.0
1767190586.1988316,0.2683,0,116.0,0.1921,114.0,0.0762,2.0
1767190586.2214422,0.2664,0,116.0,0.1921,114.0,0.0743,2.0
1767190586.2423277,0.2664,0,116.0,0.1921,114.0,0.0743,2.0
1767190586.2622247,0.2607,0,116.0,0.1921,114.0,0.0686,2.0
1767190586.3154051,0.2664,0,116.0,0.1921,114.0,0.0743,2.0
1767190586.360522,0.2495,0,116.0,0.1921,114.0,0.0574,2.0
1767190586.392971,0.2495,0,116.0,0.1921,114.0,0.0574,2.0
1767190586.422992,0.2615,0,116.0,0.1921,114.0,0.0694,2.0
1767190586.4697676,0.2591,0,116.0,0.1921,114.0,0.067,2.0
1767190586.5054166,0.2591,0,116.0,0.1921,114.0,0.067,2.0
1767190586.534741,0.2547,0,116.0,0.1921,114.0,0.0626,2.0
1767190586.5839694,0.2547,0,116.0,0.1921,114.0,0.0626,2.0
1767190586.6116369,0.257,0,116.0,0.1921,114.0,0.0649,2.0
1767190586.6389859,0.2748,0,116.0,0.1921,114.0,0.0827,2.0
1767190586.6664853,0.2748,0,116.0,0.1921,114.0,0.0827,2.0
1767190586.6955128,0.2656,0,116.0,0.1921,114.0,0.0735,2.0
1767190586.7274604,0.2656,0,116.0,0.1921,114.0,0.0735,2.0
1767190586.7749603,0.267,0,116.0,0.1921,114.0,0.0749,2.0
1767190586.8011591,0.267,0,116.0,0.1921,114.0,0.0749,2.0
1767190586.8298564,0.2479,0,116.0,0.1921,114.0,0.0558,2.0
1767190586.8676095,0.2479,0,116.0,0.1921,114.0,0.0558,2.0
1767190586.9047132,0.0958,0,116.0,0.1921,114.0,-0.0963,2.0
1767190586.933321,0.1285,0,116.0,0.1921,114.0,-0.0636,2.0
1767190586.9598377,0.1285,0,116.0,0.1921,114.0,-0.0636,2.0
1767190586.994223,0.2523,1,117.0,0.1921,114.0,0.0602,3.0
1767190587.0206623,0.2561,0,117.0,0.1921,114.0,0.064,3.0
1767190587.0421515,0.2561,0,117.0,0.1921,114.0,0.064,3.0
1767190587.0767517,0.2658,0,117.0,0.1921,114.0,0.0737,3.0
1767190587.1257,0.2823,0,117.0,0.1921,114.0,0.0902,3.0
1767190587.1524253,0.2823,0,117.0,0.1921,114.0,0.0902,3.0
1767190587.1751075,0.2831,0,117.0,0.1921,114.0,0.091,3.0
1767190587.2199035,0.2878,0,117.0,0.1921,114.0,0.0957,3.0
1767190587.2418725,0.2878,0,117.0,0.1921,114.0,0.0957,3.0
1767190587.2696152,0.287,0,117.0,0.1921,114.0,0.0949,3.0
1767190587.317628,0.2791,0,117.0,0.1921,114.0,0.087,3.0
1767190587.3402007,0.2791,0,117.0,0.1921,114.0,0.087,3.0
1767190587.380464,0.2731,0,117.0,0.1921,114.0,0.081,3.0
1767190587.4347527,0.2924,0,117.0,0.1921,114.0,0.1003,3.0
1767190587.4601514,0.2924,0,117.0,0.1921,114.0,0.1003,3.0
1767190587.4866912,0.2939,0,117.0,0.1921,114.0,0.1018,3.0
1767190587.5258658,0.265,0,117.0,0.1921,114.0,0.0729,3.0
1767190587.5480204,0.265,0,117.0,0.1921,114.0,0.0729,3.0
1767190587.5719073,0.2685,0,117.0,0.1921,114.0,0.0764,3.0
1767190587.6234887,0.2735,0,117.0,0.1921,114.0,0.0814,3.0
1767190587.6471772,0.2735,0,117.0,0.1921,114.0,0.0814,3.0
1767190587.688063,0.2756,0,117.0,0.1921,114.0,0.0835,3.0
1767194340.479438,0.2687,0,16.0,0.2405,16.0,0.0282,0.0
1767194340.5019014,0.2687,0,16.0,0.2405,16.0,0.0282,0.0
1767194340.5265236,0.279,0,16.0,0.2405,16.0,0.0385,0.0
1767194340.5506976,0.2861,0,16.0,0.2405,16.0,0.0456,0.0
1767194340.5722203,0.2861,0,16.0,0.2405,16.0,0.0456,0.0
1767194340.599767,0.3035,0,16.0,0.2405,16.0,0.063,0.0
1767194340.6438143,0.2908,0,16.0,0.2405,16.0,0.0503,0.0
1767194340.6661708,0.2908,0,16.0,0.2405,16.0,0.0503,0.0
1767194340.6943135,0.2886,0,16.0,0.2405,16.0,0.0481,0.0
1767194340.756105,0.3064,0,16.0,0.2405,16.0,0.0659,0.0
1767194340.7777185,0.3064,0,16.0,0.2405,16.0,0.0659,0.0
1767194340.8095074,0.2933,0,16.0,0.2405,16.0,0.0528,0.0
1767194340.8460782,0.2933,0,16.0,0.2405,16.0,0.0528,0.0
1767194340.8885021,0.3076,0,16.0,0.2405,16.0,0.0671,0.0
1767194340.9126816,0.2781,0,16.0,0.2405,16.0,0.0376,0.0
1767194340.9454074,0.2757,0,16.0,0.2405,16.0,0.0352,0.0
1767194340.9887044,0.2757,0,16.0,0.2405,16.0,0.0352,0.0
1767194341.0092971,0.2749,0,16.0,0.2405,16.0,0.0344,0.0
1767194341.061841,0.2614,0,16.0,0.2405,16.0,0.0209,0.0
1767194341.0878317,0.2614,0,16.0,0.2405,16.0,0.0209,0.0
1767194341.1096168,0.2652,0,16.0,0.2405,16.0,0.0247,0.0
1767194341.1410785,0.2652,0,16.0,0.2405,16.0,0.0247,0.0
1767194341.1714182,0.2603,0,16.0,0.2405,16.0,0.0198,0.0
1767194341.2014835,0.2443,0,16.0,0.2405,16.0,0.0038,0.0
1767194341.2248247,0.2443,0,16.0,0.2405,16.0,0.0038,0.0
1767194341.251581,0.2211,0,16.0,0.2405,16.0,-0.0194,0.0
1767194341.2981625,0.2226,0,16.0,0.2405,16.0,-0.0179,0.0
1767194341.3638527,0.2162,0,16.0,0.2405,16.0,-0.0243,0.0
1767194341.383885,0.2162,0,16.0,0.2405,16.0,-0.0243,0.0
1767194341.6121285,0.214,0,16.0,0.2405,16.0,-0.0265,0.0
1767194341.6934674,0.2252,0,16.0,0.2405,16.0,-0.0153,0.0
1767194341.7606556,0.2256,0,16.0,0.2405,16.0,-0.0149,0.0
1767194341.8357146,0.2208,0,16.0,0.2405,16.0,-0.0197,0.0
1767194341.9180045,0.2025,0,16.0,0.2405,16.0,-0.038,0.0
1767194341.9957604,0.2155,0,16.0,0.2405,16.0,-0.025,0.0
1767194342.0759826,0.2173,0,16.0,0.2405,16.0,-0.0232,0.0
1767194342.1558895,0.2173,0,16.0,0.2405,16.0,-0.0232,0.0
1767194342.2385893,0.215,0,16.0,0.2405,16.0,-0.0255,0.0
1767194342.314956,0.1942,0,16.0,0.2405,16.0,-0.0463,0.0
1767194342.3987532,0.214,0,16.0,0.2405,16.0,-0.0265,0.0
1767194342.477431,0.2134,0,16.0,0.2405,16.0,-0.0271,0.0
1767194342.551962,0.2134,0,16.0,0.2405,16.0,-0.0271,0.0
1767194342.639072,0.2277,0,16.0,0.2405,16.0,-0.0128,0.0
1767194342.7120283,0.1954,0,16.0,0.2405,16.0,-0.0451,0.0
1767194342.7803433,0.1917,0,16.0,0.2405,16.0,-0.0488,0.0
1767194342.8568408,0.1996,0,16.0,0.2405,16.0,-0.0409,0.0
1767194342.930661,0.2149,1,17.0,0.2405,16.0,-0.0256,1.0
1767194343.0043776,0.2148,0,17.0,0.2405,16.0,-0.0257,1.0
1767194343.0908728,0.2026,0,17.0,0.2405,16.0,-0.0379,1.0
1767194343.1639574,0.1956,0,17.0,0.2405,16.0,-0.0449,1.0
1767194343.2455213,0.2078,0,17.0,0.2405,16.0,-0.0327,1.0
1767194343.3234162,0.1967,0,17.0,0.2405,16.0,-0.0438,1.0
1767194343.3869894,0.201,0,17.0,0.2405,16.0,-0.0395,1.0
1767194343.468668,0.2009,0,17.0,0.2405,16.0,-0.0396,1.0
1767194343.5506268,0.2038,0,17.0,0.2405,16.0,-0.0367,1.0
1767194343.6202166,0.1996,0,17.0,0.2405,16.0,-0.0409,1.0
1767194343.6945446,0.2067,0,17.0,0.2405,16.0,-0.0338,1.0
1767194343.7668583,0.2053,0,17.0,0.2405,16.0,-0.0352,1.0
1767194343.8378384,0.2027,0,17.0,0.2405,16.0,-0.0378,1.0
1767194343.9163399,0.1846,0,17.0,0.2405,16.0,-0.0559,1.0
1767194343.9970295,0.1942,0,17.0,0.2405,16.0,-0.0463,1.0
1767194344.072413,0.1942,0,17.0,0.2405,16.0,-0.0463,1.0
1767194344.1595404,0.2038,0,17.0,0.2405,16.0,-0.0367,1.0
1767194344.233245,0.206,0,17.0,0.2405,16.0,-0.0345,1.0
1767194344.3012211,0.2048,0,17.0,0.2405,16.0,-0.0357,1.0
1767194344.3788526,0.2104,1,18.0,0.2405,16.0,-0.0301,2.0
1767194344.447821,0.1998,0,18.0,0.2405,16.0,-0.0407,2.0
1767194344.5156648,0.1826,0,18.0,0.2405,16.0,-0.0579,2.0
1767194344.6100266,0.1797,0,18.0,0.2405,16.0,-0.0608,2.0
1767194344.685986,0.193,0,18.0,0.2405,16.0,-0.0475,2.0
1767194344.769178,0.1589,0,18.0,0.2405,16.0,-0.0816,2.0
1767194344.8441527,0.179,0,18.0,0.2405,16.0,-0.0615,2.0
1767194344.9255989,0.1831,0,18.0,0.2405,16.0,-0.0574,2.0
1767194345.005162,0.1658,0,18.0,0.2405,16.0,-0.0747,2.0
1767194345.0799925,0.2305,1,19.0,0.2405,16.0,-0.01,3.0
1767194345.1522765,0.2179,0,19.0,0.2405,16.0,-0.0226,3.0
1767194345.2293043,0.206,0,19.0,0.2405,16.0,-0.0345,3.0
1767194345.3089623,0.2062,0,19.0,0.2405,16.0,-0.0343,3.0
1767194345.3932643,0.2062,0,19.0,0.2405,16.0,-0.0343,3.0
1767194345.4700427,0.1899,0,19.0,0.2405,16.0,-0.0506,3.0
1767194345.5454388,0.1917,0,19.0,0.2405,16.0,-0.0488,3.0
1767194345.618586,0.1787,0,19.0,0.2405,16.0,-0.0618,3.0
1767194345.698438,0.1452,0,19.0,0.2405,16.0,-0.0953,3.0
1767194345.7722974,0.097,0,19.0,0.2405,16.0,-0.1435,3.0
1767194345.852167,0.097,0,19.0,0.2405,16.0,-0.1435,3.0
1767194345.9340641,0.2746,1,20.0,0.2405,16.0,0.0341,4.0
1767194346.008849,0.2709,0,20.0,0.2405,16.0,0.0304,4.0
1767194346.0772648,0.2504,0,20.0,0.2405,16.0,0.0099,4.0
1767194346.1559327,0.2323,0,20.0,0.2405,16.0,-0.0082,4.0
1767194346.2396357,0.2396,0,20.0,0.2405,16.0,-0.0009,4.0
1767194346.3060043,0.2272,0,20.0,0.2405,16.0,-0.0133,4.0
1767194346.3818576,0.2476,0,20.0,0.2405,16.0,0.0071,4.0
1767194346.4620063,0.2365,0,20.0,0.2405,16.0,-0.004,4.0
1767194346.5303946,0.2659,0,20.0,0.2405,16.0,0.0254,4.0
1767194346.6074564,0.2317,0,20.0,0.2405,16.0,-0.0088,4.0
1767194346.6884828,0.2573,0,20.0,0.2405,16.0,0.0168,4.0
1767194346.7614179,0.2573,0,20.0,0.2405,16.0,0.0168,4.0
1767194346.8355184,0.2905,0,20.0,0.2405,16.0,0.05,4.0
1767194346.9142673,0.2905,0,20.0,0.2405,16.0,0.05,4.0
1767194346.9928162,0.2627,0,20.0,0.2405,16.0,0.0222,4.0
1767194347.0907192,0.2555,0,20.0,0.2405,16.0,0.015,4.0
1767194347.1624923,0.2387,0,20.0,0.2405,16.0,-0.0018,4.0
1767194347.234011,0.2346,0,20.0,0.2405,16.0,-0.0059,4.0
1767194347.3097303,0.2437,0,20.0,0.2405,16.0,0.0032,4.0
1767194347.3912654,0.2802,0,20.0,0.2405,16.0,0.0397,4.0
1767194347.4687588,0.2497,0,20.0,0.2405,16.0,0.0092,4.0
1767194347.5491004,0.2808,0,20.0,0.2405,16.0,0.0403,4.0
1767194347.628472,0.2808,0,20.0,0.2405,16.0,0.0403,4.0
1767194347.709329,0.2313,0,20.0,0.2405,16.0,-0.0092,4.0
1767194347.7922602,0.2733,0,20.0,0.2405,16.0,0.0328,4.0
1767194347.8701231,0.2731,0,20.0,0.2405,16.0,0.0326,4.0
1767194347.93647,0.2689,0,20.0,0.2405,16.0,0.0284,4.0
1767194348.0102992,0.2874,0,20.0,0.2405,16.0,0.0469,4.0
1767194348.094582,0.2749,0,20.0,0.2405,16.0,0.0344,4.0
1767194348.1742716,0.2848,0,20.0,0.2405,16.0,0.0443,4.0
1767194348.2529993,0.2758,0,20.0,0.2405,16.0,0.0353,4.0
1767194348.3294542,0.2757,0,20.0,0.2405,16.0,0.0352,4.0
1767194348.3972807,0.2803,0,20.0,0.2405,16.0,0.0398,4.0
1767194348.4790444,0.2803,0,20.0,0.2405,16.0,0.0398,4.0
1767194348.5702076,0.2881,0,20.0,0.2405,16.0,0.0476,4.0
1767194348.6561005,0.2797,0,20.0,0.2405,16.0,0.0392,4.0
1767194348.7338061,0.2696,0,20.0,0.2405,16.0,0.0291,4.0
1767194348.8155267,0.2741,0,20.0,0.2405,16.0,0.0336,4.0
1767194348.8935297,0.2571,0,20.0,0.2405,16.0,0.0166,4.0
1767194348.975479,0.2513,0,20.0,0.2405,16.0,0.0108,4.0
1767194349.0493727,0.2608,0,20.0,0.2405,16.0,0.0203,4.0
1767194349.1186717,0.2896,0,20.0,0.2405,16.0,0.0491,4.0
1767194349.2009182,0.2896,0,20.0,0.2405,16.0,0.0491,4.0
1767194349.2806873,0.2992,0,20.0,0.2405,16.0,0.0587,4.0
1767194349.3550978,0.2992,0,20.0,0.2405,16.0,0.0587,4.0
1767194349.4230072,0.3149,0,20.0,0.2405,16.0,0.0744,4.0
1767194349.4955223,0.2919,0,20.0,0.2405,16.0,0.0514,4.0
1767194349.5644472,0.3091,0,20.0,0.2405,16.0,0.0686,4.0
1767194349.6414592,0.286,0,20.0,0.2405,16.0,0.0455,4.0
1767194349.7138803,0.2496,0,20.0,0.2405,16.0,0.0091,4.0
1767194349.7887337,0.2615,0,20.0,0.2405,16.0,0.021,4.0
1767194349.8753011,0.2908,0,20.0,0.2405,16.0,0.0503,4.0
1767194349.953459,0.2636,0,20.0,0.2405,16.0,0.0231,4.0
1767194350.0281453,0.2636,0,20.0,0.2405,16.0,0.0231,4.0
1767194350.1070805,0.2489,0,20.0,0.2405,16.0,0.0084,4.0
1767194350.175561,0.2598,0,20.0,0.2405,16.0,0.0193,4.0
1767194350.2539663,0.2598,0,20.0,0.2405,16.0,0.0193,4.0
1767194350.333709,0.3012,0,20.0,0.2405,16.0,0.0607,4.0
1767194350.4022844,0.2793,0,20.0,0.2405,16.0,0.0388,4.0
1767194350.4748104,0.2568,0,20.0,0.2405,16.0,0.0163,4.0
1767194350.5527353,0.2793,0,20.0,0.2405,16.0,0.0388,4.0
1767194350.6218038,0.2635,0,20.0,0.2405,16.0,0.023,4.0
1767194350.7042153,0.2647,0,20.0,0.2405,16.0,0.0242,4.0
1767194350.7829957,0.266,0,20.0,0.2405,16.0,0.0255,4.0
1767194350.8573084,0.2636,0,20.0,0.2405,16.0,0.0231,4.0
1767194350.9299443,0.2602,0,20.0,0.2405,16.0,0.0197,4.0
1767194351.0009727,0.2382,0,20.0,0.2405,16.0,-0.0023,4.0
1767194351.0759175,0.2377,0,20.0,0.2405,16.0,-0.0028,4.0
1767194351.144991,0.2454,0,20.0,0.2405,16.0,0.0049,4.0
1767194351.2150347,0.2581,0,20.0,0.2405,16.0,0.0176,4.0
1767194351.284891,0.2653,0,20.0,0.2405,16.0,0.0248,4.0
1767194351.3523915,0.2628,0,19.0,0.2405,16.0,0.0223,3.0
1767194351.4299486,0.2175,0,19.0,0.2405,16.0,-0.023,3.0
1767194351.499331,0.2175,0,19.0,0.2405,16.0,-0.023,3.0
1767194351.568458,0.2471,0,19.0,0.2405,16.0,0.0066,3.0
1767194351.6375387,0.2589,0,19.0,0.2405,16.0,0.0184,3.0
1767194351.7128396,0.2414,0,19.0,0.2405,16.0,0.0009,3.0
